2023-01-01|14:19:38|Vehicle sale - Bentley Cullinan|Walk-in Customer|262427.03
2023-01-01|15:17:36|Pre-owned certified sale|Returning Client|184576.30
2023-01-01|23:08:04|Inventory purchase - Aston Martin Senna|Rolls-Royce Motor Cars|-208971.52
2023-01-02|10:50:13|Insurance claim reimbursement|Markel Specialty|38799.23
2023-01-03|02:54:53|Pre-owned certified sale|Returning Client|171762.93
2023-01-03|14:30:31|Inventory purchase - Mercedes Grecale Trofeo|Ferrari of North America|-172118.83
2023-01-06|17:29:37|Service - tire package install|Returning Service Customer|6387.24
2023-01-09|22:43:32|Inventory purchase - Lamborghini 720S|Porsche Cars North America|-419938.56
2023-01-10|11:49:18|Monthly liability insurance|Markel Specialty|-4835.64
2023-01-11|10:17:28|Vehicle sale - Audi Maybach S680|Corporate Fleet Client|116660.13
2023-01-11|14:56:54|Photography & video production|Motortrend Media Group|-7687.65
2023-01-12|09:13:55|Service - tire package install|Walk-in Service Customer|4958.49
2023-01-12|12:05:38|Vehicle sale - Porsche F8 Tributo|Online Inquiry - Private Buyer|159089.14
2023-01-13|20:35:39|Inventory purchase - Rolls-Royce Valkyrie|Maserati North America|-471322.74
2023-01-14|00:52:32|Vehicle sale - Porsche Vantage|Returning Client|114290.76
2023-01-14|06:05:03|Monthly inventory insurance|Chubb Insurance|-29260.75
2023-01-15|12:29:16|Bulk inventory order - 5 units|Pagani Automobili|-612386.89
2023-01-16|00:19:40|Service - performance upgrade pkg|Fleet Service Client|7627.33
2023-01-20|01:53:26|Inventory purchase - Lamborghini M8 Competition|Lamborghini Americas|-379051.68
2023-01-20|12:57:20|Inventory purchase - McLaren Artura|BMW of North America|-278305.15
2023-01-22|18:15:22|Office supplies & equipment|Office Depot|-1809.67
2023-01-24|04:58:55|Service - recall work reimbursement|AIG Commercial Insurance|1176.48
2023-01-25|03:40:55|Monthly dealer bond premium|Chubb Insurance|-2922.64
2023-01-25|18:31:22|Inventory purchase - Mercedes XM Label|Mercedes-Benz USA|-137114.12
2023-01-26|13:33:15|Vehicle sale - Lamborghini Phantom|Corporate Fleet Client|303704.59
2023-01-28|22:28:52|Insurance claim reimbursement|Travelers Insurance|66402.44
2023-01-30|09:55:36|Monthly rent - showroom & lot|Cintas Corporation|-38271.21
2023-01-31|16:12:14|Security system monitoring|Johnson Controls|-1735.27
2023-02-01|06:58:09|Vehicle sale - Lamborghini Roma|Online Inquiry - Private Buyer|418548.72
2023-02-04|01:05:08|Vehicle sale - Ferrari 718 Cayman GT4|Online Inquiry - Private Buyer|385372.90
2023-02-11|02:48:49|HVAC maintenance contract|Otis Elevator Co.|-4963.61
2023-02-11|13:19:57|Vehicle sale - Lamborghini Taycan Turbo S|Online Inquiry - Private Buyer|386767.25
2023-02-11|18:20:12|Software subscriptions - DMS|Shell Fleet Services|-4119.28
2023-02-15|07:27:10|Inventory purchase - Aston Martin GranTurismo Trofeo|Koenigsegg Automotive|-228618.61
2023-02-15|20:30:43|Finance reserve income - F8 Tributo|Bank of America Auto|11876.17
2023-02-15|22:28:49|Payroll - admin & finance staff|ADP Payroll Services|-33428.61
2023-02-18|14:49:27|Inventory purchase - Maserati 765LT|Koenigsegg Automotive|-157272.78
2023-02-19|03:09:35|Vehicle sale - McLaren Alpina B7|Walk-in Customer|252775.39
2023-02-19|16:56:39|Vehicle sale - Aston Martin Urus|Walk-in Customer|222668.95
2023-02-20|12:28:09|Bulk inventory order - 5 units|McLaren Automotive|-764476.67
2023-02-20|15:24:44|Inventory purchase - BMW Mulliner Bacalar|Rolls-Royce Motor Cars|-130906.84
2023-02-21|10:40:02|Inventory purchase - Maserati Artura|BMW of North America|-123953.77
2023-02-22|09:21:15|Pre-owned certified sale|Online Inquiry - Private Buyer|154578.57
2023-02-25|06:26:58|Service - performance upgrade pkg|Walk-in Service Customer|33003.64
2023-02-28|03:22:07|Extended warranty commission|Ally Financial|1317.17
2023-02-28|12:49:17|Service - performance upgrade pkg|Returning Service Customer|23659.90
2023-03-03|03:19:27|State dealer license renewal|Iron Mountain|-2544.54
2023-03-03|05:08:28|Inventory purchase - Bentley 911 GT3|Porsche Cars North America|-262581.17
2023-03-03|13:09:04|Document storage & shredding|Smith & Associates CPA|-477.21
2023-03-07|10:22:00|Vehicle sale - Lamborghini Panamera|Walk-in Customer|481066.04
2023-03-08|01:08:33|Monthly internet & phone|Cintas Corporation|-2006.47
2023-03-08|10:26:40|Monthly rent - showroom & lot|Pinnacle Property Group|-40527.08
2023-03-09|19:29:47|Inventory purchase - Maserati Spectre|BMW of North America|-112813.35
2023-03-10|03:17:21|Inventory purchase - Bentley 718 Cayman GT4|Koenigsegg Automotive|-281269.69
2023-03-10|04:58:18|Vehicle sale - Mercedes Grecale Trofeo|Online Inquiry - Private Buyer|150705.51
2023-03-11|03:30:01|Inventory purchase - BMW Flying Spur|Porsche Cars North America|-106406.99
2023-03-12|17:01:53|Vehicle sale - Aston Martin M8 Competition|Returning Client|210010.91
2023-03-13|08:30:13|Service - performance upgrade pkg|Fleet Service Client|10843.59
2023-03-16|12:13:42|Vehicle sale - Rolls-Royce GT|Online Inquiry - Private Buyer|435402.92
2023-03-16|20:05:32|Trade-in vehicle resale|Walk-in Customer|89544.31
2023-03-17|22:06:24|Inventory purchase - Lamborghini 720S|McLaren Automotive|-396670.12
2023-03-17|22:47:05|Inventory purchase - Rolls-Royce Silver Shadow|Audi of America|-548488.04
2023-03-18|09:00:40|Vehicle sale - Bentley 720S|Corporate Fleet Client|241511.78
2023-03-21|05:55:12|Inventory purchase - Mercedes 765LT|BMW of North America|-116623.82
2023-03-21|19:17:48|Service - body shop repair|Fleet Service Client|2914.83
2023-03-23|05:57:47|Vehicle sale - Rolls-Royce DBS|Corporate Fleet Client|399553.27
2023-03-23|09:24:14|HVAC maintenance contract|Reliant Energy Commercial|-5953.91
2023-03-23|21:00:37|Supercar consignment sale|Online Inquiry - Private Buyer|910355.66
2023-03-24|03:45:36|Inventory purchase - Bentley Aventador|BMW of North America|-268185.69
2023-03-25|21:53:28|Service - detailing & ceramic coat|Fleet Service Client|3407.75
2023-03-27|02:29:04|Inventory purchase - Porsche R8 V10 Plus|Rolls-Royce Motor Cars|-109966.97
2023-03-27|19:36:56|Legal consultation|Shell Fleet Services|-10153.71
2023-03-28|09:56:26|Inventory purchase - Rolls-Royce Revuelto|Rolls-Royce Motor Cars|-490973.69
2023-03-29|12:16:35|Extended warranty commission|Ally Financial|2000.19
2023-03-30|12:42:47|Extended warranty commission|Westlake Financial|3632.26
2023-03-31|03:16:33|Vehicle sale - Maserati Roma|Walk-in Customer|144838.04
2023-03-31|10:27:49|Inventory purchase - Aston Martin Spectre|Aston Martin Americas|-221328.36
2023-04-01|21:34:56|Software subscriptions - DMS|Henderson Law Firm LLP|-3821.02
2023-04-03|13:01:13|Inventory purchase - Aston Martin Taycan Turbo S|Koenigsegg Automotive|-162937.27
2023-04-03|23:28:02|Inventory purchase - BMW Artura|Koenigsegg Automotive|-65521.14
2023-04-05|19:44:07|Inventory purchase - Porsche DB11|Maserati North America|-204891.72
2023-04-06|01:38:19|Monthly internet & phone|Johnson Controls|-1118.52
2023-04-07|03:11:37|Vehicle sale - Bentley Urus|Online Inquiry - Private Buyer|205788.92
2023-04-07|16:45:04|State dealer license renewal|Comcast Business|-1195.36
2023-04-16|15:34:21|Insurance claim reimbursement|AIG Commercial Insurance|30216.48
2023-04-17|22:14:00|Inventory purchase - Rolls-Royce Valkyrie|Ferrari of North America|-570554.68
2023-04-18|09:45:49|Vehicle sale - BMW Valkyrie|Walk-in Customer|136234.51
2023-04-18|20:25:46|Annual umbrella policy renewal|Zurich Insurance Group|-46152.95
2023-04-20|16:15:34|Elevator & lift maintenance|Johnson Controls|-1305.70
2023-04-22|05:24:51|Office supplies & equipment|Comcast Business|-2261.57
2023-04-23|08:50:48|Vehicle sale - Maserati Grecale Trofeo|Returning Client|136724.89
2023-04-24|02:19:50|Payroll - service technicians|ADP Payroll Services|-40222.93
2023-04-25|13:27:44|Inventory purchase - Bentley Panamera|Bentley Motors|-252812.53
2023-04-26|08:51:36|GAP insurance commission|Chase Auto Finance|498.11
2023-04-26|19:14:18|Vehicle sale - BMW AMG GT Black Series|Walk-in Customer|100963.44
2023-04-26|19:53:47|Vehicle sale - Audi Grecale Trofeo|Returning Client|78976.65
2023-04-27|22:00:00|Inventory purchase - Maserati Sterrato|Lamborghini Americas|-140803.05
2023-04-27|22:37:16|Inventory purchase - BMW 911 GT3|McLaren Automotive|-68078.90
2023-04-28|05:17:39|Inventory purchase - McLaren Spectre|BMW of North America|-206547.15
2023-04-28|07:21:49|Payroll - admin & finance staff|ADP Payroll Services|-27366.63
2023-05-02|07:50:25|Service - major engine repair|Returning Service Customer|10098.86
2023-05-03|01:47:24|Document storage & shredding|Grainger Industrial|-325.61
2023-05-03|03:14:39|Inventory purchase - Maserati Vantage|Pagani Automobili|-137449.04
2023-05-04|00:09:12|Service - detailing & ceramic coat|Walk-in Service Customer|1258.96
2023-05-05|06:51:37|Vehicle sale - McLaren GranTurismo Trofeo|Online Inquiry - Private Buyer|342556.28
2023-05-05|13:00:20|Vehicle sale - McLaren Taycan Turbo S|Returning Client|368186.61
2023-05-06|13:36:59|Inventory purchase - Bentley Grecale Trofeo|McLaren Automotive|-220396.75
2023-05-13|05:23:29|Service - detailing & ceramic coat|Fleet Service Client|3431.30
2023-05-13|13:45:33|Vehicle sale - Rolls-Royce 488 GTB|Returning Client|518003.22
2023-05-13|22:36:50|Bulk inventory order - 5 units|Lamborghini Americas|-400173.63
2023-05-14|07:55:10|Vehicle sale - Audi Cullinan|Online Inquiry - Private Buyer|106505.99
2023-05-15|06:14:45|Payroll - sales team|ADP Payroll Services|-30142.52
2023-05-16|05:44:04|Vehicle sale - Lamborghini 720S|Walk-in Customer|541963.15
2023-05-19|03:56:43|Service - scheduled maintenance|Walk-in Service Customer|2963.04
2023-05-20|08:03:09|Inventory purchase - Ferrari M8 Competition|Porsche Cars North America|-262278.69
2023-05-21|14:29:51|Security system monitoring|Otis Elevator Co.|-1637.10
2023-05-21|19:08:06|Hail damage claim settlement|Chubb Insurance|158609.92
2023-05-23|00:09:07|Payroll - management & executives|ADP Payroll Services|-72900.01
2023-05-23|12:07:44|Vehicle sale - Mercedes Phantom|Corporate Fleet Client|106366.13
2023-05-23|19:19:46|Finance reserve income - DBX707|Chase Auto Finance|15431.91
2023-05-24|23:18:27|Service - major engine repair|Fleet Service Client|19324.83
2023-05-26|11:15:48|Finance reserve income - Alpina B7|Bank of America Auto|12139.31
2023-05-26|12:10:44|Security system monitoring|Otis Elevator Co.|-1694.94
2023-05-29|01:03:25|Service - detailing & ceramic coat|Fleet Service Client|1923.17
2023-05-31|23:56:01|Elevator & lift maintenance|Johnson Controls|-2448.85
2023-06-01|04:52:05|Security system monitoring|Reliant Energy Commercial|-1752.70
2023-06-04|06:05:11|IT infrastructure upgrade|QuickBooks Online|-9042.94
2023-06-04|09:38:27|Inventory purchase - Porsche DB11|BMW of North America|-153970.60
2023-06-05|09:08:45|Employee training program|Comcast Business|-5053.53
2023-06-05|21:16:43|Inventory purchase - Porsche Maybach S680|McLaren Automotive|-206305.14
2023-06-07|01:42:07|Service - detailing & ceramic coat|Walk-in Service Customer|1356.42
2023-06-07|05:11:47|Sales commission payout|ADP Payroll Services|-28819.30
2023-06-07|10:48:03|Vehicle sale - BMW Revuelto|Online Inquiry - Private Buyer|64327.54
2023-06-09|10:45:42|Inventory purchase - Ferrari 718 Cayman GT4|Rolls-Royce Motor Cars|-195992.80
2023-06-09|21:14:24|Payroll - management & executives|ADP Payroll Services|-65286.00
2023-06-10|08:27:56|Payroll - sales team|ADP Payroll Services|-34175.69
2023-06-11|04:46:17|Supercar special order deposit|Bugatti North America|-218591.51
2023-06-11|18:40:20|Inventory purchase - Mercedes Taycan Turbo S|Koenigsegg Automotive|-140248.62
2023-06-12|01:13:07|Service - body shop repair|Returning Service Customer|12710.83
2023-06-12|01:30:38|Legal consultation|QuickBooks Online|-10495.58
2023-06-13|07:29:10|Inventory purchase - Mercedes Grecale Trofeo|Porsche Cars North America|-108259.09
2023-06-14|18:51:49|Theft claim reimbursement|Chubb Insurance|114829.22
2023-06-15|06:49:26|Property tax payment|Henderson Law Firm LLP|-83623.51
2023-06-15|09:47:53|Inventory purchase - Porsche XM Label|Lamborghini Americas|-108144.36
2023-06-16|11:48:50|Inventory purchase - Lamborghini Levante Trofeo|Bugatti North America|-440898.91
2023-06-17|00:27:34|Annual umbrella policy renewal|Chubb Insurance|-40742.74
2023-06-18|10:40:25|Inventory purchase - Lamborghini Sterrato|Maserati North America|-364300.61
2023-06-20|01:50:41|Vehicle sale - Bentley Ghost|Corporate Fleet Client|294077.03
2023-06-20|16:00:57|Inventory purchase - Porsche Huracan|Pagani Automobili|-74690.53
2023-06-21|02:21:04|Employee training program|Comcast Business|-6891.83
2023-06-26|13:40:15|Service - tire package install|Fleet Service Client|2522.94
2023-06-26|14:08:13|Vehicle sale - Ferrari Cullinan|Walk-in Customer|233928.16
2023-07-02|16:28:05|Monthly liability insurance|Travelers Insurance|-6920.75
2023-07-02|17:34:34|Bulk inventory order - 5 units|Pagani Automobili|-521037.87
2023-07-05|21:09:29|Extended warranty commission|TD Auto Finance|3540.44
2023-07-06|13:23:38|Water & utilities bill|Reliant Energy Commercial|-2046.30
2023-07-06|17:20:26|Software subscriptions - DMS|Comcast Business|-2155.18
2023-07-08|20:34:35|Inventory purchase - Porsche Roma|BMW of North America|-103386.16
2023-07-12|07:43:19|Service - body shop repair|Walk-in Service Customer|6378.45
2023-07-12|18:18:53|Service - body shop repair|Returning Service Customer|8471.69
2023-07-13|16:45:52|Service - body shop repair|Returning Service Customer|7444.41
2023-07-13|22:22:06|Legal consultation|Henderson Law Firm LLP|-10792.34
2023-07-17|05:54:03|Inventory purchase - Rolls-Royce F8 Tributo|Porsche Cars North America|-410224.95
2023-07-17|10:44:01|Monthly rent - showroom & lot|AT&T Business|-40138.67
2023-07-17|12:18:57|Inventory purchase - Porsche RS7 Sportback|Aston Martin Americas|-91708.74
2023-07-18|23:54:09|Vehicle sale - Mercedes Cullinan|Walk-in Customer|91971.45
2023-07-22|19:00:40|Inventory purchase - Lamborghini Aventador|Lamborghini Americas|-364317.10
2023-07-23|09:09:29|Vehicle sale - McLaren SL55 AMG|Walk-in Customer|286772.17
2023-07-25|15:50:48|Supercar special order deposit|Koenigsegg Automotive|-151793.37
2023-07-25|21:01:36|Vehicle sale - Ferrari MC20|Walk-in Customer|293783.33
2023-07-26|10:21:37|Payroll - service technicians|ADP Payroll Services|-45950.99
2023-07-26|11:24:24|Payroll - sales team|ADP Payroll Services|-45641.85
2023-07-26|22:13:09|Service - performance upgrade pkg|Returning Service Customer|31362.06
2023-07-27|13:52:12|Inventory purchase - Mercedes Maybach S680|Bugatti North America|-148801.47
2023-07-28|07:31:26|Social media advertising|Forza Marketing Agency|-1669.04
2023-07-28|22:44:08|Extended warranty commission|Ally Financial|4274.04
2023-07-29|05:28:03|Vehicle sale - Aston Martin 488 GTB|Online Inquiry - Private Buyer|199012.89
2023-07-29|15:10:46|Payroll - management & executives|ADP Payroll Services|-68280.89
2023-07-30|19:24:56|Payroll - service technicians|ADP Payroll Services|-33904.40
2023-08-01|07:17:12|Service - tire package install|Fleet Service Client|2799.36
2023-08-03|02:05:04|Water & utilities bill|AT&T Business|-2066.21
2023-08-04|05:22:52|Auto show sponsorship|Google Ads|-25966.04
2023-08-05|05:06:50|Inventory purchase - Lamborghini DBS|Audi of America|-212111.26
2023-08-06|05:47:44|Print advertising - DuPont Registry|Meta Business|-6428.77
2023-08-06|13:14:50|Payroll - management & executives|ADP Payroll Services|-65442.74
2023-08-06|19:38:25|Inventory purchase - BMW Huracan|Koenigsegg Automotive|-76729.89
2023-08-07|18:23:26|Service - major engine repair|Returning Service Customer|6169.24
2023-08-08|22:47:59|Inventory purchase - BMW 488 GTB|BMW of North America|-124856.12
2023-08-09|00:49:55|Monthly dealer bond premium|Zurich Insurance Group|-2248.93
2023-08-10|04:32:33|Security system monitoring|Otis Elevator Co.|-1071.24
2023-08-10|12:04:05|State dealer license renewal|Shell Fleet Services|-3395.20
2023-08-11|05:56:54|Facility cleaning service|Otis Elevator Co.|-4480.94
2023-08-11|21:08:09|Inventory purchase - Maserati Continental GT|McLaren Automotive|-103537.63
2023-08-13|13:49:23|Vehicle sale - Audi 718 Cayman GT4|Corporate Fleet Client|120027.89
2023-08-14|02:21:31|Service - major engine repair|Returning Service Customer|4549.62
2023-08-14|08:20:14|Service - performance upgrade pkg|Fleet Service Client|24319.65
2023-08-15|02:10:21|Monthly internet & phone|Pinnacle Property Group|-835.38
2023-08-15|02:14:12|Vehicle sale - Porsche Phantom|Walk-in Customer|191046.67
2023-08-18|05:45:14|Vehicle sale - Audi Senna|Online Inquiry - Private Buyer|116459.40
2023-08-18|09:14:49|Auto show sponsorship|Motortrend Media Group|-64137.74
2023-08-19|17:54:43|Inventory purchase - Aston Martin Taycan Turbo S|Koenigsegg Automotive|-250637.39
2023-08-22|02:54:06|Vehicle sale - Rolls-Royce G63 AMG|Online Inquiry - Private Buyer|530445.59
2023-08-23|12:10:42|Theft claim reimbursement|Markel Specialty|250348.39
2023-08-23|16:30:30|Inventory purchase - BMW Continental GT|Audi of America|-92525.95
2023-08-23|22:47:36|Vehicle sale - Aston Martin Alpina B7|Online Inquiry - Private Buyer|149515.51
2023-08-24|11:38:11|Service - recall work reimbursement|AIG Commercial Insurance|5210.60
2023-08-26|10:47:29|Extended warranty commission|TD Auto Finance|1743.09
2023-08-28|20:46:44|Inventory purchase - Lamborghini 911 GT3|Audi of America|-511314.24
2023-08-28|22:57:35|Vehicle sale - Lamborghini Bentayga|Online Inquiry - Private Buyer|417091.33
2023-08-29|03:00:12|Vehicle sale - Ferrari Sterrato|Returning Client|389023.91
2023-08-29|18:33:49|Vehicle sale - Maserati Continental GT|Returning Client|113981.58
2023-08-30|03:46:07|Photography & video production|Robb Report Media|-4085.45
2023-08-30|13:02:52|Inventory purchase - Porsche Huracan|Lamborghini Americas|-105268.22
2023-08-30|20:41:45|Sales commission payout|ADP Payroll Services|-20589.27
2023-08-31|00:26:21|Payroll - service technicians|ADP Payroll Services|-44966.90
2023-09-02|02:40:35|Digital advertising campaign|DuPont Registry Advertising|-3598.98
2023-09-02|16:56:28|Service - body shop repair|Returning Service Customer|4836.73
2023-09-03|18:03:08|Monthly rent - showroom & lot|Pinnacle Property Group|-29739.32
2023-09-03|21:39:58|Service - tire package install|Walk-in Service Customer|4849.65
2023-09-04|17:27:46|Inventory purchase - Ferrari MC20|Aston Martin Americas|-395010.58
2023-09-05|13:50:12|Digital advertising campaign|Forza Marketing Agency|-7290.27
2023-09-05|16:14:31|Inventory purchase - Maserati e-tron GT RS|BMW of North America|-90948.91
2023-09-07|08:52:37|Monthly inventory insurance|Chubb Insurance|-20013.00
2023-09-08|03:59:06|Service - scheduled maintenance|Fleet Service Client|3078.45
2023-09-08|08:06:22|Vehicle sale - Porsche Roma|Online Inquiry - Private Buyer|111512.78
2023-09-09|22:33:57|Security system monitoring|Reliant Energy Commercial|-964.95
2023-09-10|01:57:59|Monthly rent - showroom & lot|Johnson Controls|-33861.25
2023-09-12|17:37:54|Sales commission payout|ADP Payroll Services|-36778.30
2023-09-13|06:42:30|Vehicle sale - McLaren SL55 AMG|Walk-in Customer|315702.67
2023-09-13|08:09:20|Inventory purchase - McLaren Mulliner Bacalar|Bugatti North America|-222011.56
2023-09-13|15:33:52|Vehicle sale - Rolls-Royce Bentayga|Walk-in Customer|566998.77
2023-09-14|11:18:09|IT infrastructure upgrade|Henderson Law Firm LLP|-35754.28
2023-09-15|06:42:12|Inventory purchase - Lamborghini DBS|Koenigsegg Automotive|-368667.18
2023-09-16|04:14:35|Bulk inventory order - 5 units|Audi of America|-698023.85
2023-09-17|04:58:02|GAP insurance commission|Westlake Financial|974.13
2023-09-18|00:21:17|Vehicle sale - Rolls-Royce e-tron GT RS|Returning Client|390507.64
2023-09-19|21:33:47|Inventory purchase - Bentley AMG GT Black Series|Aston Martin Americas|-258397.78
2023-09-20|20:12:28|State dealer license renewal|Office Depot|-2392.17
2023-09-23|05:09:30|Digital advertising campaign|Robb Report Media|-9138.52
2023-09-23|08:43:36|GAP insurance commission|Chase Auto Finance|505.02
2023-09-28|04:27:14|Vehicle sale - Porsche 718 Cayman GT4|Returning Client|124511.09
2023-09-28|07:33:07|GAP insurance commission|TD Auto Finance|459.58
2023-09-28|16:12:34|Inventory purchase - Maserati Phantom|Maserati North America|-138354.50
2023-09-30|06:53:16|Inventory purchase - McLaren RS7 Sportback|Koenigsegg Automotive|-354867.10
2023-09-30|07:47:44|Vehicle sale - Porsche AMG GT Black Series|Corporate Fleet Client|192399.31
2023-09-30|11:35:01|HVAC maintenance contract|Pinnacle Property Group|-5481.37
2023-09-30|22:55:28|Monthly electricity - facility|Otis Elevator Co.|-8440.78
2023-10-01|09:11:11|Insurance claim reimbursement|Travelers Insurance|52272.04
2023-10-01|22:51:42|Digital advertising campaign|Motortrend Media Group|-4800.42
2023-10-03|00:29:11|Vehicle sale - BMW Huracan|Returning Client|85275.61
2023-10-03|14:35:08|Water & utilities bill|Johnson Controls|-2049.73
2023-10-08|00:17:09|Digital advertising campaign|DuPont Registry Advertising|-4913.90
2023-10-08|15:54:19|Service - detailing & ceramic coat|Returning Service Customer|3486.77
2023-10-10|06:24:20|Inventory purchase - Ferrari M5 CS|Mercedes-Benz USA|-390277.11
2023-10-13|08:55:47|Supercar consignment sale|Returning Client|512145.84
2023-10-13|23:46:27|Payroll - admin & finance staff|ADP Payroll Services|-26279.78
2023-10-18|05:56:55|GAP insurance commission|Wells Fargo Dealer Services|551.82
2023-10-19|01:29:57|Inventory purchase - Maserati Cayenne Turbo|Bentley Motors|-96747.86
2023-10-19|17:35:02|Inventory purchase - BMW AMG GT Black Series|Mercedes-Benz USA|-87473.05
2023-10-20|06:45:01|Finance reserve income - Cullinan|Westlake Financial|12612.43
2023-10-20|09:10:16|Inventory purchase - BMW AMG GT Black Series|Pagani Automobili|-75774.58
2023-10-20|17:51:34|Office supplies & equipment|Grainger Industrial|-1751.46
2023-10-27|09:22:55|Insurance claim reimbursement|Chubb Insurance|77574.56
2023-10-28|08:24:01|Service - scheduled maintenance|Walk-in Service Customer|880.46
2023-10-28|22:07:03|Payroll - sales team|ADP Payroll Services|-56717.43
2023-10-28|22:08:58|Inventory purchase - BMW Urus|Aston Martin Americas|-104180.78
2023-10-29|13:15:14|Vehicle sale - Mercedes DBX707|Walk-in Customer|127264.39
2023-10-29|17:26:50|Inventory purchase - McLaren Senna|Pagani Automobili|-330499.24
2023-10-29|21:13:40|Payroll - admin & finance staff|ADP Payroll Services|-37610.21
2023-10-30|13:07:07|Inventory purchase - Rolls-Royce XM Label|Lamborghini Americas|-480554.69
2023-11-02|02:33:35|Software subscriptions - DMS|Smith & Associates CPA|-2174.13
2023-11-03|18:49:33|HVAC maintenance contract|Pinnacle Property Group|-2829.71
2023-11-04|00:15:40|Vehicle sale - McLaren GranTurismo Trofeo|Walk-in Customer|256363.46
2023-11-04|12:40:00|Trade-in vehicle resale|Walk-in Customer|119787.11
2023-11-05|10:16:12|Inventory purchase - Maserati Phantom|Rolls-Royce Motor Cars|-153434.71
2023-11-10|07:08:11|Inventory purchase - Porsche 488 GTB|Bentley Motors|-198341.26
2023-11-10|16:11:27|Vehicle sale - Porsche Cayenne Turbo|Returning Client|136967.86
2023-11-11|06:03:08|Vehicle sale - McLaren Revuelto|Online Inquiry - Private Buyer|359126.31
2023-11-13|04:56:34|Inventory purchase - Bentley Revuelto|Rolls-Royce Motor Cars|-213085.89
2023-11-15|00:48:09|Inventory purchase - Ferrari 720S|Bugatti North America|-317034.36
2023-11-16|09:55:20|Vehicle sale - Mercedes Valkyrie|Returning Client|76297.52
2023-11-17|00:12:05|Inventory purchase - Rolls-Royce Phantom|Ferrari of North America|-559610.11
2023-11-18|13:05:46|Vehicle sale - Porsche Mulliner Bacalar|Online Inquiry - Private Buyer|78335.65
2023-11-18|15:20:41|Service - tire package install|Fleet Service Client|3403.60
2023-11-18|16:34:22|Vehicle sale - Aston Martin Senna|Corporate Fleet Client|203746.57
2023-11-19|21:14:22|Service - tire package install|Fleet Service Client|6312.56
2023-11-21|03:28:20|Vehicle sale - Maserati R8 V10 Plus|Walk-in Customer|126691.13
2023-11-21|19:56:58|Inventory purchase - Rolls-Royce GranTurismo Trofeo|BMW of North America|-393785.62
2023-11-22|14:20:25|Extended warranty commission|Ally Financial|2472.60
2023-11-26|19:52:40|Vehicle sale - BMW Aventador|Returning Client|65517.22
2023-11-27|20:17:35|Vehicle sale - Lamborghini Maybach S680|Returning Client|473836.08
2023-11-29|07:21:56|Inventory purchase - BMW DB11|Mercedes-Benz USA|-89814.94
2023-11-29|09:04:36|Monthly inventory insurance|Travelers Insurance|-29655.39
2023-11-29|18:00:23|Vehicle sale - McLaren Silver Shadow|Corporate Fleet Client|338310.85
2023-12-01|12:44:06|Inventory purchase - Mercedes F8 Tributo|Lamborghini Americas|-147533.41
2023-12-02|08:11:29|Insurance claim reimbursement|Zurich Insurance Group|13387.28
2023-12-03|11:24:14|Inventory purchase - McLaren e-tron GT RS|Bugatti North America|-234623.97
2023-12-03|19:11:16|Vehicle sale - Ferrari RS7 Sportback|Corporate Fleet Client|407340.93
2023-12-04|19:28:07|Photography & video production|Motortrend Media Group|-7260.26
2023-12-04|20:24:03|Service - tire package install|Walk-in Service Customer|4858.49
2023-12-06|07:25:23|Finance reserve income - Phantom|Bank of America Auto|9776.77
2023-12-06|20:44:09|Vehicle sale - McLaren Cayenne Turbo|Returning Client|266789.01
2023-12-07|13:04:51|Monthly rent - showroom & lot|Johnson Controls|-39227.05
2023-12-07|17:42:22|Inventory purchase - Mercedes GT|Bentley Motors|-131755.05
2023-12-09|16:26:54|Vehicle sale - Rolls-Royce Purosangue|Returning Client|551781.63
2023-12-09|22:16:42|Inventory purchase - McLaren R8 V10 Plus|BMW of North America|-332978.91
2023-12-10|00:16:54|Vehicle sale - Mercedes R8 V10 Plus|Returning Client|163896.50
2023-12-10|07:34:19|Vehicle sale - Maserati M5 CS|Online Inquiry - Private Buyer|97876.35
2023-12-10|22:51:43|Vehicle sale - Mercedes AMG GT Black Series|Returning Client|73309.30
2023-12-11|05:10:02|Print advertising - DuPont Registry|Google Ads|-16855.95
2023-12-11|11:04:36|Office supplies & equipment|Office Depot|-1151.72
2023-12-11|13:42:45|Payroll - service technicians|ADP Payroll Services|-24419.39
2023-12-14|01:53:58|Inventory purchase - Mercedes F8 Tributo|Bugatti North America|-91003.52
2023-12-16|02:32:15|Inventory purchase - Bentley Levante Trofeo|Bugatti North America|-265930.02
2023-12-16|09:19:26|Service - body shop repair|Fleet Service Client|4111.87
2023-12-16|13:30:13|Inventory purchase - Rolls-Royce Panamera|Rolls-Royce Motor Cars|-359023.94
2023-12-17|18:20:01|Monthly electricity - facility|Otis Elevator Co.|-8446.16
2023-12-20|03:57:43|Inventory purchase - Mercedes Senna|Bentley Motors|-115798.20
2023-12-21|10:52:06|Extended warranty commission|TD Auto Finance|3333.95
2023-12-21|20:34:53|Inventory purchase - Bentley Purosangue|Lamborghini Americas|-202735.93
2023-12-22|06:51:28|Inventory purchase - McLaren Taycan Turbo S|Rolls-Royce Motor Cars|-277248.79
2023-12-22|22:55:14|Payroll - management & executives|ADP Payroll Services|-46681.22
2023-12-26|14:03:10|Service - major engine repair|Walk-in Service Customer|6921.55
2023-12-27|08:15:46|Software subscriptions - DMS|QuickBooks Online|-3712.86
2023-12-27|12:12:04|Vehicle sale - Mercedes G63 AMG|Returning Client|179890.90
2023-12-28|01:47:47|GAP insurance commission|Ally Financial|921.84
2023-12-28|18:44:20|Vehicle sale - Aston Martin AMG GT Black Series|Walk-in Customer|157615.84
2023-12-29|06:49:13|Inventory purchase - Bentley Maybach S680|McLaren Automotive|-286070.78
2023-12-30|20:15:43|Inventory purchase - Aston Martin e-tron GT RS|Bugatti North America|-240813.05
2024-01-01|00:52:08|Inventory purchase - Lamborghini AMG GT Black Series|Ferrari of North America|-407587.03
2024-01-01|04:15:59|Quarterly accounting services|Shell Fleet Services|-10028.34
2024-01-01|09:26:06|Vehicle sale - Porsche 718 Cayman GT4|Returning Client|131685.00
2024-01-02|04:52:07|Inventory purchase - Ferrari 720S|Ferrari of North America|-236284.54
2024-01-03|09:59:55|Inventory purchase - Bentley 765LT|Maserati North America|-228022.67
2024-01-04|02:12:26|Property tax payment|Grainger Industrial|-114432.29
2024-01-05|22:43:59|Inventory purchase - BMW F8 Tributo|Porsche Cars North America|-55203.69
2024-01-06|01:07:52|Software subscriptions - DMS|Henderson Law Firm LLP|-3659.63
2024-01-07|07:18:57|Service - performance upgrade pkg|Walk-in Service Customer|34442.46
2024-01-07|23:43:56|Water & utilities bill|Johnson Controls|-1575.36
2024-01-08|01:04:55|Finance reserve income - Urus|Westlake Financial|14061.54
2024-01-10|12:20:37|Vehicle sale - Ferrari Mulliner Bacalar|Corporate Fleet Client|237468.55
2024-01-10|20:10:45|Monthly rent - showroom & lot|Cintas Corporation|-33402.40
2024-01-12|04:06:26|Inventory purchase - Rolls-Royce F8 Tributo|Maserati North America|-495227.75
2024-01-17|02:59:32|IT infrastructure upgrade|Iron Mountain|-36137.84
2024-01-19|09:32:38|Inventory purchase - Ferrari Purosangue|Bentley Motors|-234149.44
2024-01-20|09:45:55|Payroll - admin & finance staff|ADP Payroll Services|-23183.83
2024-01-20|11:23:23|Vehicle sale - Audi Purosangue|Walk-in Customer|112796.32
2024-01-20|18:10:47|Inventory purchase - McLaren GranTurismo Trofeo|Koenigsegg Automotive|-239945.86
2024-01-21|11:05:09|Financing origination fee|Ally Financial|901.21
2024-01-21|22:43:16|Payroll - sales team|ADP Payroll Services|-32046.67
2024-01-21|23:42:52|Inventory purchase - Porsche 488 GTB|Bugatti North America|-186169.14
2024-01-23|21:40:16|Vehicle sale - Lamborghini Panamera|Online Inquiry - Private Buyer|496202.30
2024-01-23|23:08:34|Service - body shop repair|Fleet Service Client|5519.21
2024-01-24|05:19:13|Payroll - management & executives|ADP Payroll Services|-59898.49
2024-01-24|11:10:52|Office supplies & equipment|Iron Mountain|-2195.39
2024-01-24|12:48:09|Service - body shop repair|Returning Service Customer|9106.28
2024-01-24|19:38:17|Inventory purchase - McLaren Cayenne Turbo|McLaren Automotive|-348311.84
2024-01-27|15:48:39|Vehicle sale - Lamborghini Purosangue|Walk-in Customer|278737.41
2024-01-28|09:47:51|Inventory purchase - BMW M8 Competition|Pagani Automobili|-54685.56
2024-01-28|22:45:59|Vehicle sale - Rolls-Royce Silver Shadow|Returning Client|373258.27
2024-01-30|13:30:58|Inventory purchase - Ferrari Mulliner Bacalar|BMW of North America|-305404.17
2024-01-30|20:57:41|Social media advertising|Robb Report Media|-3413.52
2024-01-31|08:36:23|Vehicle sale - Porsche Urus|Online Inquiry - Private Buyer|80885.38
2024-02-01|11:41:28|Inventory purchase - Bentley Revuelto|Porsche Cars North America|-256750.22
2024-02-03|09:27:26|Inventory purchase - Maserati SL55 AMG|McLaren Automotive|-116272.65
2024-02-06|16:04:33|Monthly inventory insurance|Travelers Insurance|-23090.88
2024-02-07|03:05:41|Inventory purchase - Bentley SL55 AMG|Koenigsegg Automotive|-211138.64
2024-02-07|03:14:23|Vehicle sale - BMW Urus|Returning Client|68491.42
2024-02-07|03:32:27|Vehicle sale - BMW DBS|Corporate Fleet Client|86228.42
2024-02-07|06:27:56|Service - major engine repair|Walk-in Service Customer|4684.59
2024-02-08|08:06:44|Vehicle sale - Aston Martin F8 Tributo|Returning Client|279645.67
2024-02-08|18:20:47|Inventory purchase - Rolls-Royce Continental GT|Bentley Motors|-528344.55
2024-02-08|22:18:31|Monthly internet & phone|AT&T Business|-1312.10
2024-02-10|10:02:59|Inventory purchase - BMW SL55 AMG|BMW of North America|-79625.96
2024-02-11|02:48:30|Service - major engine repair|Walk-in Service Customer|19848.17
2024-02-11|15:43:27|Service - performance upgrade pkg|Returning Service Customer|16418.53
2024-02-11|17:38:04|Vehicle sale - Rolls-Royce Cullinan|Returning Client|346090.31
2024-02-12|21:14:36|Vehicle sale - BMW Continental GT|Online Inquiry - Private Buyer|95519.13
2024-02-13|19:28:24|Service - major engine repair|Fleet Service Client|13667.45
2024-02-14|00:46:50|Inventory purchase - Ferrari M8 Competition|Rolls-Royce Motor Cars|-195713.06
2024-02-14|08:23:06|Print advertising - DuPont Registry|Robb Report Media|-10517.97
2024-02-14|09:08:04|Document storage & shredding|Comcast Business|-800.92
2024-02-15|15:43:38|Monthly rent - showroom & lot|AT&T Business|-40290.51
2024-02-16|10:43:21|Vehicle sale - Bentley e-tron GT RS|Online Inquiry - Private Buyer|271316.95
2024-02-17|07:23:17|IT infrastructure upgrade|Iron Mountain|-15886.71
2024-02-17|19:41:31|Monthly dealer bond premium|Zurich Insurance Group|-2274.44
2024-02-20|14:35:18|Vehicle sale - Aston Martin Panamera|Corporate Fleet Client|254130.01
2024-02-20|15:16:18|Service - major engine repair|Fleet Service Client|9563.33
2024-02-21|11:37:20|Payroll - admin & finance staff|ADP Payroll Services|-29454.28
2024-02-22|13:33:01|Bulk inventory order - 5 units|Bugatti North America|-611370.01
2024-02-24|09:37:19|Vehicle sale - Ferrari Senna|Returning Client|266380.20
2024-02-24|17:28:39|Vehicle sale - Ferrari Cullinan|Walk-in Customer|338995.91
2024-02-27|10:16:24|Finance reserve income - Purosangue|TD Auto Finance|7143.07
2024-02-27|19:14:59|Payroll - sales team|ADP Payroll Services|-39768.14
2024-02-28|00:43:45|Vehicle sale - Mercedes XM Label|Walk-in Customer|144898.15
2024-02-28|09:52:38|Finance reserve income - Urus|TD Auto Finance|11209.00
2024-02-28|16:33:21|Annual umbrella policy renewal|Markel Specialty|-38559.23
2024-02-29|22:22:12|Office supplies & equipment|Henderson Law Firm LLP|-471.10
2024-03-01|22:37:17|Vehicle sale - Lamborghini Roma|Corporate Fleet Client|452529.20
2024-03-02|00:11:09|Social media advertising|Google Ads|-1963.09
2024-03-03|07:15:34|Vehicle sale - Lamborghini e-tron GT RS|Online Inquiry - Private Buyer|316389.67
2024-03-03|18:28:54|State dealer license renewal|QuickBooks Online|-1916.61
2024-03-04|21:36:20|Service - body shop repair|Fleet Service Client|3156.69
2024-03-05|11:14:58|Vehicle sale - BMW M8 Competition|Online Inquiry - Private Buyer|128850.21
2024-03-05|20:57:35|Photography & video production|Google Ads|-11687.95
2024-03-08|10:26:58|Vehicle sale - McLaren Vantage|Corporate Fleet Client|254747.15
2024-03-08|13:00:19|Vehicle sale - McLaren Huracan|Returning Client|300076.22
2024-03-09|01:46:32|Service - scheduled maintenance|Fleet Service Client|1190.61
2024-03-09|18:06:44|Finance reserve income - DBS|Chase Auto Finance|17351.53
2024-03-09|22:03:31|Payroll - management & executives|ADP Payroll Services|-47641.23
2024-03-09|22:32:02|Service - tire package install|Walk-in Service Customer|6324.51
2024-03-10|17:20:40|Payroll - sales team|ADP Payroll Services|-59610.07
2024-03-12|13:20:14|Service - recall work reimbursement|Zurich Insurance Group|4359.06
2024-03-14|01:12:41|Service - body shop repair|Fleet Service Client|9494.54
2024-03-16|01:12:42|Service - tire package install|Returning Service Customer|2904.56
2024-03-17|04:19:26|Inventory purchase - Porsche R8 V10 Plus|Porsche Cars North America|-161556.81
2024-03-18|13:31:20|Monthly electricity - facility|Otis Elevator Co.|-8033.99
2024-03-20|18:59:14|Inventory purchase - Ferrari SF90 Stradale|Pagani Automobili|-327021.62
2024-03-20|22:05:28|Payroll - admin & finance staff|ADP Payroll Services|-34656.78
2024-03-23|18:30:17|Sales commission payout|ADP Payroll Services|-28321.13
2024-03-25|00:32:27|Photography & video production|Forza Marketing Agency|-4918.36
2024-03-25|16:31:23|Vehicle sale - Maserati Roma|Online Inquiry - Private Buyer|125311.67
2024-03-26|00:06:39|Monthly rent - showroom & lot|Otis Elevator Co.|-41469.84
2024-03-26|11:53:39|Inventory purchase - Rolls-Royce DBX707|Lamborghini Americas|-395509.11
2024-03-29|21:56:10|Vehicle sale - Audi Bentayga|Corporate Fleet Client|118091.87
2024-03-31|18:28:42|Theft claim reimbursement|Travelers Insurance|112730.04
2024-04-01|09:14:43|Print advertising - DuPont Registry|Google Ads|-8969.40
2024-04-02|03:01:13|Service - detailing & ceramic coat|Fleet Service Client|1503.51
2024-04-02|20:23:58|Facility cleaning service|AT&T Business|-3781.79
2024-04-02|21:35:57|Vehicle sale - Aston Martin Mulliner Bacalar|Walk-in Customer|199864.83
2024-04-03|19:40:14|Security system monitoring|Cintas Corporation|-1760.86
2024-04-06|06:04:10|IT infrastructure upgrade|Shell Fleet Services|-13727.48
2024-04-07|07:53:59|Legal consultation|Comcast Business|-10757.47
2024-04-10|04:15:53|Financing origination fee|Westlake Financial|1608.98
2024-04-10|05:51:04|Vehicle sale - Aston Martin Levante Trofeo|Returning Client|270042.49
2024-04-10|23:34:26|Vehicle sale - Aston Martin 911 GT3|Returning Client|178634.66
2024-04-13|03:51:55|Inventory purchase - Rolls-Royce Alpina B7|Audi of America|-606667.59
2024-04-13|13:43:41|Vehicle sale - Porsche Ghost|Walk-in Customer|73137.69
2024-04-14|05:28:21|Payroll - management & executives|ADP Payroll Services|-78644.61
2024-04-15|18:25:09|Vehicle sale - McLaren Cullinan|Returning Client|237964.56
2024-04-16|02:42:27|Auto show sponsorship|Google Ads|-55869.30
2024-04-17|10:33:36|Hail damage claim settlement|AIG Commercial Insurance|77281.29
2024-04-19|22:12:36|VIP client event expense|DuPont Registry Advertising|-18701.22
2024-04-20|04:24:29|Financing origination fee|Bank of America Auto|1424.51
2024-04-21|15:44:01|Inventory purchase - McLaren Flying Spur|Bugatti North America|-277599.24
2024-04-22|08:58:07|Inventory purchase - BMW 718 Cayman GT4|Bentley Motors|-72089.56
2024-04-24|01:23:38|Inventory purchase - Bentley G63 AMG|Mercedes-Benz USA|-268114.27
2024-04-24|04:42:15|Inventory purchase - Rolls-Royce Sterrato|Rolls-Royce Motor Cars|-363331.48
2024-04-24|10:42:30|Vehicle sale - Rolls-Royce MC20|Returning Client|514426.94
2024-04-27|03:57:24|Inventory purchase - Mercedes M5 CS|Maserati North America|-135178.55
2024-04-29|10:40:59|Service - performance upgrade pkg|Fleet Service Client|10564.87
2024-05-01|20:24:39|Payroll - sales team|ADP Payroll Services|-52868.07
2024-05-02|04:33:07|Inventory purchase - Maserati Vantage|BMW of North America|-155341.48
2024-05-02|15:18:12|Office supplies & equipment|QuickBooks Online|-445.45
2024-05-02|17:32:40|Vehicle sale - Maserati Continental GT|Returning Client|127038.17
2024-05-03|04:00:34|Vehicle sale - Bentley Urus|Online Inquiry - Private Buyer|248443.68
2024-05-03|22:02:58|Facility cleaning service|Pinnacle Property Group|-3028.03
2024-05-04|21:49:47|Vehicle sale - Mercedes M8 Competition|Returning Client|176822.96
2024-05-05|08:56:31|Service - major engine repair|Walk-in Service Customer|18881.55
2024-05-05|19:09:53|IT infrastructure upgrade|Iron Mountain|-27757.36
2024-05-06|17:45:17|Supercar special order deposit|Audi of America|-176366.52
2024-05-06|20:24:19|Service - tire package install|Returning Service Customer|3343.57
2024-05-09|15:59:10|Service - performance upgrade pkg|Walk-in Service Customer|11280.37
2024-05-10|10:37:39|Vehicle sale - Mercedes Purosangue|Walk-in Customer|98273.76
2024-05-11|02:18:52|Vehicle sale - Maserati Continental GT|Online Inquiry - Private Buyer|162165.97
2024-05-13|12:20:32|Inventory purchase - Mercedes Mulliner Bacalar|Pagani Automobili|-132423.68
2024-05-13|18:50:16|Vehicle sale - Aston Martin R8 V10 Plus|Returning Client|248364.33
2024-05-14|05:59:59|Inventory purchase - Ferrari Panamera|Pagani Automobili|-401519.80
2024-05-15|16:38:08|Payroll - sales team|ADP Payroll Services|-33411.01
2024-05-15|17:11:56|Payroll - service technicians|ADP Payroll Services|-45380.94
2024-05-16|11:24:04|Inventory purchase - Lamborghini G63 AMG|Porsche Cars North America|-406172.56
2024-05-16|12:31:09|Vehicle sale - Ferrari DB11|Online Inquiry - Private Buyer|189585.74
2024-05-16|21:17:06|Service - tire package install|Walk-in Service Customer|3821.99
2024-05-18|00:15:55|Monthly internet & phone|Otis Elevator Co.|-1048.44
2024-05-19|17:23:49|Inventory purchase - Bentley Taycan Turbo S|Bugatti North America|-191881.80
2024-05-20|08:14:39|Inventory purchase - BMW Cayenne Turbo|Pagani Automobili|-77053.31
2024-05-20|12:23:01|Vehicle sale - Lamborghini GranTurismo Trofeo|Corporate Fleet Client|503921.71
2024-05-22|00:58:48|Payroll - service technicians|ADP Payroll Services|-39339.22
2024-05-22|20:58:18|Service - body shop repair|Walk-in Service Customer|16572.12
2024-05-23|18:13:43|Supercar special order deposit|Mercedes-Benz USA|-241543.19
2024-05-28|07:40:17|HVAC maintenance contract|Reliant Energy Commercial|-3982.84
2024-05-28|21:47:46|Inventory purchase - McLaren Taycan Turbo S|Bugatti North America|-354299.90
2024-05-29|16:06:02|Vehicle sale - Mercedes Spectre|Online Inquiry - Private Buyer|68587.36
2024-05-30|06:59:41|Supercar special order deposit|Rolls-Royce Motor Cars|-231227.62
2024-05-30|09:04:33|VIP client event expense|Robb Report Media|-10483.42
2024-05-30|15:14:44|Payroll - admin & finance staff|ADP Payroll Services|-27184.50
2024-05-31|00:50:11|Service - body shop repair|Walk-in Service Customer|15540.22
2024-05-31|01:39:34|Fleet fuel - delivery vehicles|Iron Mountain|-6337.16
2024-06-02|10:07:21|Inventory purchase - BMW M8 Competition|Ferrari of North America|-58096.86
2024-06-02|11:53:20|Vehicle sale - Bentley Spectre|Corporate Fleet Client|195731.28
2024-06-04|04:54:00|Inventory purchase - Ferrari Alpina B7|Lamborghini Americas|-280715.88
2024-06-05|17:17:06|Payroll - management & executives|ADP Payroll Services|-106550.02
2024-06-05|21:38:50|Elevator & lift maintenance|Otis Elevator Co.|-3096.14
2024-06-08|00:27:10|Inventory purchase - BMW Levante Trofeo|Porsche Cars North America|-55140.82
2024-06-10|01:17:24|Supercar consignment sale|Walk-in Customer|948755.72
2024-06-13|19:57:56|Inventory purchase - Bentley M5 CS|Maserati North America|-240394.61
2024-06-15|14:25:07|GAP insurance commission|TD Auto Finance|999.03
2024-06-16|15:39:33|Vehicle sale - Porsche Sterrato|Online Inquiry - Private Buyer|218867.48
2024-06-16|15:42:39|Inventory purchase - BMW 765LT|Porsche Cars North America|-112659.13
2024-06-16|18:00:22|Inventory purchase - Porsche Spectre|Maserati North America|-209357.08
2024-06-17|20:17:17|Office supplies & equipment|FedEx Business|-2346.32
2024-06-18|09:28:18|Vehicle sale - Porsche e-tron GT RS|Walk-in Customer|84684.68
2024-06-18|11:43:07|Extended warranty commission|TD Auto Finance|4143.12
2024-06-20|07:44:14|Document storage & shredding|Iron Mountain|-543.51
2024-06-20|20:20:51|Vehicle sale - Aston Martin Levante Trofeo|Corporate Fleet Client|242787.97
2024-06-22|01:46:13|Service - detailing & ceramic coat|Walk-in Service Customer|1468.28
2024-06-22|11:36:41|Vehicle sale - Aston Martin Cullinan|Walk-in Customer|172619.68
2024-06-22|22:06:14|Vehicle sale - Ferrari Revuelto|Walk-in Customer|219319.83
2024-06-24|19:34:14|Inventory purchase - Aston Martin XM Label|Rolls-Royce Motor Cars|-214245.64
2024-06-25|19:53:29|Sales commission payout|ADP Payroll Services|-24640.10
2024-06-26|04:19:29|Vehicle sale - Maserati Levante Trofeo|Returning Client|110363.26
2024-06-27|23:28:02|Vehicle sale - Ferrari AMG GT Black Series|Walk-in Customer|419977.88
2024-06-29|15:06:06|Vehicle sale - BMW Grecale Trofeo|Corporate Fleet Client|133566.08
2024-06-30|15:39:38|Service - body shop repair|Walk-in Service Customer|13314.56
2024-07-02|00:21:49|Bulk inventory order - 5 units|Mercedes-Benz USA|-373295.34
2024-07-02|09:56:07|Payroll - service technicians|ADP Payroll Services|-22040.67
2024-07-02|20:22:58|Inventory purchase - Maserati 718 Cayman GT4|Pagani Automobili|-104626.99
2024-07-04|02:52:51|Inventory purchase - Bentley Cullinan|Lamborghini Americas|-185361.52
2024-07-04|16:46:34|Office supplies & equipment|Iron Mountain|-1221.58
2024-07-11|22:58:02|Monthly inventory insurance|AIG Commercial Insurance|-27152.74
2024-07-12|01:57:01|Vehicle sale - Aston Martin Continental GT|Returning Client|226717.40
2024-07-12|18:36:34|Payroll - service technicians|ADP Payroll Services|-29193.68
2024-07-12|20:13:51|Inventory purchase - Lamborghini Grecale Trofeo|Rolls-Royce Motor Cars|-383966.47
2024-07-17|14:37:15|Inventory purchase - BMW Spectre|BMW of North America|-83308.08
2024-07-18|11:45:59|Inventory purchase - BMW Artura|Mercedes-Benz USA|-117258.90
2024-07-19|18:01:38|Vehicle sale - Ferrari 488 GTB|Online Inquiry - Private Buyer|191035.57
2024-07-24|08:53:08|Service - recall work reimbursement|Markel Specialty|1532.71
2024-07-24|23:41:09|Service - major engine repair|Fleet Service Client|16611.20
2024-07-26|13:22:28|Payroll - sales team|ADP Payroll Services|-58182.71
2024-07-27|03:32:02|Vehicle sale - McLaren DB11|Returning Client|221205.20
2024-07-27|14:04:46|Service - tire package install|Fleet Service Client|4718.99
2024-07-27|21:22:10|Software subscriptions - DMS|Grainger Industrial|-3000.45
2024-07-28|08:58:06|Vehicle sale - Aston Martin Flying Spur|Walk-in Customer|263097.83
2024-07-29|23:53:01|Monthly rent - showroom & lot|Johnson Controls|-33997.29
2024-07-30|16:38:51|Finance reserve income - M5 CS|Westlake Financial|8690.41
2024-07-30|23:12:35|Sales commission payout|ADP Payroll Services|-39376.39
2024-08-01|05:39:50|Inventory purchase - Aston Martin MC20|Mercedes-Benz USA|-263091.18
2024-08-04|04:22:58|Service - recall work reimbursement|Travelers Insurance|6196.20
2024-08-04|16:17:48|Inventory purchase - Rolls-Royce 488 GTB|BMW of North America|-659805.99
2024-08-05|00:54:53|Inventory purchase - BMW RS7 Sportback|Maserati North America|-132066.39
2024-08-06|14:05:04|Trade-in vehicle resale|Walk-in Customer|70635.62
2024-08-07|22:33:13|Service - body shop repair|Walk-in Service Customer|10363.27
2024-08-08|11:37:20|Vehicle sale - Rolls-Royce Levante Trofeo|Walk-in Customer|438353.66
2024-08-08|23:14:11|Vehicle sale - Audi GranTurismo Trofeo|Online Inquiry - Private Buyer|110066.55
2024-08-09|02:34:18|Office supplies & equipment|Comcast Business|-2066.06
2024-08-09|18:05:02|Employee training program|Shell Fleet Services|-7282.91
2024-08-11|08:11:35|Inventory purchase - Rolls-Royce SL55 AMG|Porsche Cars North America|-448064.25
2024-08-12|06:00:59|Vehicle sale - Aston Martin DB11|Online Inquiry - Private Buyer|147039.85
2024-08-12|06:50:59|Service - major engine repair|Fleet Service Client|10406.26
2024-08-12|18:06:04|Financing origination fee|Ally Financial|1511.15
2024-08-12|19:07:27|Vehicle sale - Mercedes RS7 Sportback|Online Inquiry - Private Buyer|82098.51
2024-08-13|11:19:26|Extended warranty commission|Bank of America Auto|3913.97
2024-08-13|12:42:59|Vehicle sale - Maserati e-tron GT RS|Corporate Fleet Client|93176.82
2024-08-13|23:09:39|Vehicle sale - Ferrari R8 V10 Plus|Returning Client|222166.75
2024-08-15|13:19:38|Financing origination fee|TD Auto Finance|1870.15
2024-08-17|21:11:15|Service - recall work reimbursement|Travelers Insurance|4220.95
2024-08-19|05:07:23|State dealer license renewal|Shell Fleet Services|-2288.42
2024-08-19|18:28:34|Office supplies & equipment|Grainger Industrial|-868.31
2024-08-19|19:45:17|Vehicle sale - McLaren Cullinan|Online Inquiry - Private Buyer|333527.08
2024-08-20|22:24:13|Bulk inventory order - 5 units|Koenigsegg Automotive|-516166.92
2024-08-21|01:09:54|Vehicle sale - Aston Martin 911 GT3|Returning Client|223497.26
2024-08-21|18:42:38|Inventory purchase - Bentley M8 Competition|Audi of America|-282408.16
2024-08-22|03:03:38|Legal consultation|FedEx Business|-5372.67
2024-08-22|20:46:40|Service - scheduled maintenance|Returning Service Customer|804.36
2024-08-23|05:18:58|Service - detailing & ceramic coat|Returning Service Customer|1809.70
2024-08-23|20:09:29|Service - major engine repair|Walk-in Service Customer|14264.36
2024-08-23|20:12:46|Payroll - admin & finance staff|ADP Payroll Services|-23701.39
2024-08-23|23:09:42|Monthly electricity - facility|Cintas Corporation|-8362.52
2024-08-25|09:05:04|GAP insurance commission|Ally Financial|1141.19
2024-08-26|15:54:12|Monthly rent - showroom & lot|Johnson Controls|-35033.51
2024-08-27|09:38:50|Inventory purchase - Lamborghini Artura|Rolls-Royce Motor Cars|-365405.44
2024-08-29|19:58:41|Monthly liability insurance|AIG Commercial Insurance|-4829.58
2024-08-30|22:32:19|Vehicle sale - Audi R8 V10 Plus|Online Inquiry - Private Buyer|91204.50
2024-09-01|05:15:10|Photography & video production|Motortrend Media Group|-9437.08
2024-09-02|16:14:34|Pre-owned certified sale|Online Inquiry - Private Buyer|71300.68
2024-09-02|17:41:00|Monthly rent - showroom & lot|Cintas Corporation|-31924.20
2024-09-02|18:20:14|Vehicle sale - Audi 765LT|Corporate Fleet Client|124822.94
2024-09-03|05:07:52|Inventory purchase - Ferrari Senna|Mercedes-Benz USA|-180446.43
2024-09-04|05:47:41|Inventory purchase - Maserati Aventador|Porsche Cars North America|-156056.46
2024-09-04|10:08:23|Photography & video production|Forza Marketing Agency|-3729.21
2024-09-04|22:28:54|Inventory purchase - Rolls-Royce DBX707|Porsche Cars North America|-536653.33
2024-09-06|22:13:34|Annual umbrella policy renewal|AIG Commercial Insurance|-43629.48
2024-09-07|03:15:06|Supercar consignment sale|Returning Client|819170.03
2024-09-07|03:57:57|Vehicle sale - Maserati Levante Trofeo|Corporate Fleet Client|104094.88
2024-09-07|04:48:10|Service - major engine repair|Fleet Service Client|14732.20
2024-09-09|01:01:49|Service - detailing & ceramic coat|Walk-in Service Customer|3492.36
2024-09-09|01:41:58|Vehicle sale - Bentley DBS|Walk-in Customer|193427.44
2024-09-09|06:55:11|Inventory purchase - Ferrari MC20|BMW of North America|-368713.04
2024-09-09|14:28:04|Photography & video production|DuPont Registry Advertising|-6798.84
2024-09-09|19:15:08|Vehicle sale - McLaren 765LT|Corporate Fleet Client|317837.80
2024-09-10|13:35:03|Finance reserve income - SF90 Stradale|Ally Financial|17219.94
2024-09-10|19:21:10|Employee training program|Henderson Law Firm LLP|-6758.07
2024-09-13|09:33:32|Pre-owned certified sale|Corporate Fleet Client|67407.19
2024-09-14|02:24:35|Vehicle sale - Bentley Bentayga|Online Inquiry - Private Buyer|204798.16
2024-09-14|09:56:31|Service - major engine repair|Fleet Service Client|9543.81
2024-09-14|13:59:34|Monthly rent - showroom & lot|Pinnacle Property Group|-31002.41
2024-09-14|14:46:20|Security system monitoring|Reliant Energy Commercial|-837.76
2024-09-14|17:07:22|Vehicle sale - Audi Huracan|Walk-in Customer|110714.63
2024-09-21|12:41:56|Service - recall work reimbursement|Travelers Insurance|2671.36
2024-09-21|21:52:12|Inventory purchase - BMW M5 CS|Pagani Automobili|-56566.44
2024-09-22|03:01:36|Vehicle sale - Porsche Aventador|Returning Client|117407.34
2024-09-22|04:18:27|IT infrastructure upgrade|Henderson Law Firm LLP|-32777.50
2024-09-23|14:50:49|Inventory purchase - Maserati Flying Spur|Pagani Automobili|-123670.91
2024-09-23|16:44:19|Vehicle sale - Ferrari Panamera|Walk-in Customer|237925.45
2024-09-24|16:17:43|Inventory purchase - Rolls-Royce 720S|Pagani Automobili|-480810.80
2024-09-26|13:00:19|Service - performance upgrade pkg|Fleet Service Client|26192.94
2024-09-30|10:29:53|Insurance claim reimbursement|Travelers Insurance|24451.38
2024-09-30|12:03:21|Vehicle sale - Porsche G63 AMG|Corporate Fleet Client|171161.96
2024-09-30|23:00:13|Vehicle sale - BMW Urus|Returning Client|87052.40
2024-10-01|23:33:33|Trade-in vehicle resale|Corporate Fleet Client|70810.52
2024-10-02|23:05:47|Software subscriptions - DMS|Office Depot|-3722.32
2024-10-04|01:45:17|Inventory purchase - Lamborghini MC20|Rolls-Royce Motor Cars|-379548.32
2024-10-05|08:26:07|Inventory purchase - Ferrari Continental GT|McLaren Automotive|-262115.66
2024-10-05|17:53:20|Service - recall work reimbursement|Travelers Insurance|5053.07
2024-10-06|04:34:28|Vehicle sale - Maserati Panamera|Corporate Fleet Client|93621.26
2024-10-06|19:23:46|Service - performance upgrade pkg|Returning Service Customer|12204.63
2024-10-07|16:25:38|Inventory purchase - Lamborghini Alpina B7|Bugatti North America|-370335.67
2024-10-08|12:41:16|Service - scheduled maintenance|Fleet Service Client|1155.47
2024-10-09|08:32:19|Monthly internet & phone|Johnson Controls|-1377.75
2024-10-09|11:28:51|Year-end bonus payout|ADP Payroll Services|-97861.11
2024-10-13|06:14:44|Software subscriptions - DMS|Smith & Associates CPA|-4016.38
2024-10-13|08:55:02|Service - scheduled maintenance|Fleet Service Client|2241.41
2024-10-13|13:50:15|Supercar consignment sale|Walk-in Customer|895505.21
2024-10-13|14:12:25|Inventory purchase - Ferrari Huracan|Aston Martin Americas|-265008.59
2024-10-14|00:49:57|Inventory purchase - Bentley Levante Trofeo|Maserati North America|-271769.60
2024-10-14|03:35:31|Monthly rent - showroom & lot|Johnson Controls|-35315.87
2024-10-14|20:55:29|Vehicle sale - McLaren M5 CS|Corporate Fleet Client|217087.60
2024-10-15|11:22:31|Service - tire package install|Returning Service Customer|1874.63
2024-10-18|11:42:18|Payroll - admin & finance staff|ADP Payroll Services|-35549.54
2024-10-19|20:04:52|Water & utilities bill|Otis Elevator Co.|-1774.21
2024-10-21|11:23:01|Software subscriptions - DMS|Comcast Business|-3308.50
2024-10-25|23:11:31|Vehicle sale - Porsche Maybach S680|Online Inquiry - Private Buyer|164646.98
2024-10-27|21:10:14|Supercar consignment sale|Corporate Fleet Client|997611.05
2024-10-28|03:50:32|Inventory purchase - Rolls-Royce GranTurismo Trofeo|Ferrari of North America|-348542.14
2024-10-28|11:56:06|Service - performance upgrade pkg|Fleet Service Client|30944.83
2024-10-29|09:33:17|Monthly rent - showroom & lot|Johnson Controls|-34071.96
2024-10-30|04:20:31|Finance reserve income - e-tron GT RS|Westlake Financial|4530.03
2024-11-02|11:11:45|Inventory purchase - McLaren Silver Shadow|Lamborghini Americas|-300685.87
2024-11-03|16:20:25|Vehicle sale - Ferrari R8 V10 Plus|Walk-in Customer|312774.32
2024-11-05|11:37:44|Inventory purchase - Mercedes GT|McLaren Automotive|-147611.96
2024-11-05|18:43:10|Monthly liability insurance|Zurich Insurance Group|-4214.65
2024-11-06|00:02:29|Service - performance upgrade pkg|Fleet Service Client|16089.98
2024-11-06|09:42:40|Vehicle sale - BMW 765LT|Walk-in Customer|66889.01
2024-11-06|17:13:24|Payroll - admin & finance staff|ADP Payroll Services|-20231.04
2024-11-10|07:49:52|Payroll - service technicians|ADP Payroll Services|-23396.11
2024-11-11|05:44:58|Extended warranty commission|Bank of America Auto|3631.51
2024-11-12|20:37:33|Financing origination fee|TD Auto Finance|1635.05
2024-11-15|13:52:01|Vehicle sale - Bentley 488 GTB|Corporate Fleet Client|251021.60
2024-11-16|23:20:19|Year-end bonus payout|ADP Payroll Services|-97200.39
2024-11-17|12:52:47|VIP client event expense|Forza Marketing Agency|-12265.34
2024-11-17|16:49:18|Year-end bonus payout|ADP Payroll Services|-40350.29
2024-11-18|00:28:52|Inventory purchase - Porsche XM Label|Pagani Automobili|-138786.02
2024-11-21|08:55:41|Service - detailing & ceramic coat|Returning Service Customer|1441.33
2024-11-23|08:47:54|Payroll - service technicians|ADP Payroll Services|-45371.12
2024-11-23|15:40:45|State dealer license renewal|FedEx Business|-2606.13
2024-11-24|07:56:29|Inventory purchase - Maserati 720S|Bentley Motors|-118125.37
2024-11-25|00:29:36|Inventory purchase - Rolls-Royce GranTurismo Trofeo|Mercedes-Benz USA|-614188.60
2024-11-25|02:15:49|Payroll - management & executives|ADP Payroll Services|-93607.92
2024-11-29|17:22:16|Service - recall work reimbursement|Markel Specialty|7123.23
2024-12-01|04:01:43|Vehicle sale - Porsche Alpina B7|Walk-in Customer|186277.49
2024-12-01|15:07:00|Finance reserve income - 720S|Ally Financial|7039.71
2024-12-03|11:28:22|Inventory purchase - Rolls-Royce Artura|Maserati North America|-460836.53
2024-12-03|11:59:00|Insurance claim reimbursement|Markel Specialty|55337.62
2024-12-04|19:18:41|Supercar consignment sale|Corporate Fleet Client|1176393.32
2024-12-07|14:20:10|Inventory purchase - Porsche Mulliner Bacalar|Rolls-Royce Motor Cars|-134693.74
2024-12-10|20:55:12|Payroll - service technicians|ADP Payroll Services|-38752.76
2024-12-10|22:40:53|Facility cleaning service|Reliant Energy Commercial|-3185.77
2024-12-11|03:30:48|Monthly dealer bond premium|Zurich Insurance Group|-2146.71
2024-12-12|07:31:53|Inventory purchase - Mercedes Revuelto|Lamborghini Americas|-143925.41
2024-12-13|12:13:37|Inventory purchase - Rolls-Royce RS7 Sportback|Lamborghini Americas|-568516.86
2024-12-14|05:34:17|Finance reserve income - Aventador|Bank of America Auto|5269.91
2024-12-14|08:40:34|Monthly electricity - facility|AT&T Business|-9572.07
2024-12-16|00:40:29|Monthly rent - showroom & lot|Pinnacle Property Group|-37775.42
2024-12-16|09:20:54|Vehicle sale - Bentley SF90 Stradale|Returning Client|218916.38
2024-12-16|11:49:49|Inventory purchase - Bentley SL55 AMG|Porsche Cars North America|-194068.75
2024-12-18|10:31:25|Vehicle sale - BMW G63 AMG|Walk-in Customer|136146.38
2024-12-20|08:14:17|Vehicle sale - Aston Martin RS7 Sportback|Corporate Fleet Client|262904.02
2024-12-24|01:53:54|Theft claim reimbursement|Zurich Insurance Group|297254.42
2024-12-27|09:34:03|Service - major engine repair|Fleet Service Client|17173.17
2024-12-28|09:04:44|Inventory purchase - McLaren Vantage|Porsche Cars North America|-341169.56
2024-12-29|10:19:36|Vehicle sale - Mercedes Senna|Corporate Fleet Client|116015.87
2024-12-30|01:41:35|Vehicle sale - Lamborghini DBS|Online Inquiry - Private Buyer|470417.58
2024-12-31|07:36:25|Vehicle sale - Mercedes Cullinan|Returning Client|146792.65
2024-12-31|11:15:27|IT infrastructure upgrade|Shell Fleet Services|-43855.04
2024-12-31|15:54:22|Inventory purchase - Lamborghini DBX707|BMW of North America|-216506.98
2024-12-31|22:18:35|Finance reserve income - Cullinan|Bank of America Auto|15490.65
2025-01-02|00:41:52|Service - detailing & ceramic coat|Returning Service Customer|1266.48
2025-01-03|01:40:06|Auto show sponsorship|DuPont Registry Advertising|-55432.69
2025-01-03|16:05:24|Vehicle sale - Porsche Roma|Walk-in Customer|217948.31
2025-01-05|22:03:40|Vehicle sale - Aston Martin Phantom|Online Inquiry - Private Buyer|245618.25
2025-01-05|23:38:09|Vehicle sale - Maserati F8 Tributo|Online Inquiry - Private Buyer|104083.60
2025-01-05|23:59:36|Vehicle sale - Lamborghini 911 GT3|Corporate Fleet Client|542429.04
2025-01-08|15:48:40|Property tax payment|Grainger Industrial|-54629.36
2025-01-09|07:22:05|Vehicle sale - Aston Martin G63 AMG|Online Inquiry - Private Buyer|196967.04
2025-01-09|13:08:50|Monthly rent - showroom & lot|Reliant Energy Commercial|-32706.35
2025-01-09|13:41:20|Inventory purchase - Maserati Sterrato|Audi of America|-87511.29
2025-01-10|03:44:11|Payroll - admin & finance staff|ADP Payroll Services|-32913.31
2025-01-10|04:20:41|Monthly liability insurance|Markel Specialty|-6991.11
2025-01-12|11:02:06|Service - scheduled maintenance|Fleet Service Client|3999.62
2025-01-13|06:15:58|Fleet fuel - delivery vehicles|Smith & Associates CPA|-5042.54
2025-01-13|09:03:53|Inventory purchase - Rolls-Royce Roma|BMW of North America|-591751.77
2025-01-13|16:56:06|Security system monitoring|Cintas Corporation|-1776.98
2025-01-15|04:39:17|Print advertising - DuPont Registry|Forza Marketing Agency|-9567.19
2025-01-19|01:09:00|Theft claim reimbursement|Markel Specialty|288955.24
2025-01-19|06:51:53|Supercar special order deposit|McLaren Automotive|-239531.68
2025-01-19|20:53:16|GAP insurance commission|Bank of America Auto|732.39
2025-01-21|10:18:49|Vehicle sale - BMW SL55 AMG|Online Inquiry - Private Buyer|118345.42
2025-01-25|17:29:38|Extended warranty commission|Bank of America Auto|4306.37
2025-01-27|04:07:59|Property tax payment|Smith & Associates CPA|-104388.19
2025-01-28|14:32:10|Annual umbrella policy renewal|AIG Commercial Insurance|-37941.63
2025-01-28|21:45:07|Monthly electricity - facility|Reliant Energy Commercial|-8233.76
2025-01-29|08:32:28|Office supplies & equipment|Office Depot|-1837.47
2025-01-29|09:06:53|Inventory purchase - McLaren MC20|Bentley Motors|-246172.28
2025-01-31|06:48:24|Inventory purchase - Rolls-Royce DBX707|Koenigsegg Automotive|-493302.79
2025-01-31|22:32:51|IT infrastructure upgrade|Smith & Associates CPA|-33385.61
2025-02-01|04:47:42|Water & utilities bill|Johnson Controls|-1294.48
2025-02-01|18:32:59|Inventory purchase - Mercedes Vantage|Audi of America|-162252.26
2025-02-01|21:17:03|GAP insurance commission|TD Auto Finance|1094.77
2025-02-01|23:52:42|Vehicle sale - Audi Roma|Returning Client|100023.89
2025-02-03|04:52:10|Fleet fuel - delivery vehicles|Shell Fleet Services|-3722.93
2025-02-03|14:56:27|Hail damage claim settlement|Chubb Insurance|136568.53
2025-02-05|07:25:44|Service - recall work reimbursement|AIG Commercial Insurance|7134.14
2025-02-05|08:59:35|Service - performance upgrade pkg|Fleet Service Client|14732.81
2025-02-05|17:49:08|Payroll - admin & finance staff|ADP Payroll Services|-25365.47
2025-02-06|18:28:22|Vehicle sale - Audi Panamera|Online Inquiry - Private Buyer|76571.53
2025-02-07|05:04:55|Supercar consignment sale|Returning Client|669117.30
2025-02-08|19:11:25|Service - performance upgrade pkg|Returning Service Customer|34443.73
2025-02-12|10:22:47|Inventory purchase - Aston Martin Phantom|Audi of America|-227223.17
2025-02-13|13:32:25|Inventory purchase - Lamborghini Bentayga|Rolls-Royce Motor Cars|-309704.54
2025-02-13|15:47:31|Vehicle sale - McLaren Silver Shadow|Returning Client|229523.28
2025-02-14|05:40:47|Hail damage claim settlement|Markel Specialty|54522.22
2025-02-14|23:18:30|Service - major engine repair|Returning Service Customer|19083.85
2025-02-15|18:59:02|Vehicle sale - Audi Alpina B7|Returning Client|64396.50
2025-02-16|18:57:18|Bulk inventory order - 5 units|Rolls-Royce Motor Cars|-868471.93
2025-02-18|21:11:13|Service - detailing & ceramic coat|Returning Service Customer|1350.51
2025-02-22|10:35:14|Service - performance upgrade pkg|Returning Service Customer|31598.18
2025-02-22|19:53:09|Vehicle sale - Aston Martin F8 Tributo|Online Inquiry - Private Buyer|213179.59
2025-02-24|00:59:50|Financing origination fee|Chase Auto Finance|1280.91
2025-02-27|10:53:24|Extended warranty commission|Westlake Financial|1007.84
2025-02-27|23:02:38|Vehicle sale - BMW Urus|Corporate Fleet Client|127016.89
2025-02-28|01:49:57|Year-end bonus payout|ADP Payroll Services|-113753.60
2025-02-28|05:13:07|Vehicle sale - Porsche DBS|Online Inquiry - Private Buyer|80418.18
2025-03-01|00:12:16|Elevator & lift maintenance|Johnson Controls|-2857.60
2025-03-01|15:02:15|Payroll - service technicians|ADP Payroll Services|-35372.04
2025-03-01|15:47:20|Quarterly accounting services|Grainger Industrial|-10452.72
2025-03-01|18:22:00|Pre-owned certified sale|Walk-in Customer|85834.60
2025-03-04|05:32:18|Inventory purchase - Rolls-Royce GT|Porsche Cars North America|-477998.39
2025-03-04|19:19:43|Payroll - service technicians|ADP Payroll Services|-34899.84
2025-03-05|13:34:57|Year-end bonus payout|ADP Payroll Services|-112315.65
2025-03-05|14:49:14|Inventory purchase - Aston Martin Artura|Lamborghini Americas|-176837.43
2025-03-05|19:14:01|Service - scheduled maintenance|Fleet Service Client|2861.11
2025-03-08|16:30:41|Vehicle sale - Audi Taycan Turbo S|Corporate Fleet Client|105611.11
2025-03-08|16:42:52|Vehicle sale - McLaren GT|Corporate Fleet Client|371257.55
2025-03-10|22:19:58|Extended warranty commission|Chase Auto Finance|2643.58
2025-03-11|19:03:19|Inventory purchase - Aston Martin Alpina B7|Rolls-Royce Motor Cars|-246643.63
2025-03-17|01:54:42|Year-end bonus payout|ADP Payroll Services|-92048.65
2025-03-17|09:54:42|Service - major engine repair|Walk-in Service Customer|10555.40
2025-03-18|02:07:36|Vehicle sale - Lamborghini Levante Trofeo|Corporate Fleet Client|485308.73
2025-03-18|18:01:41|Payroll - service technicians|ADP Payroll Services|-45953.13
2025-03-20|13:32:18|Inventory purchase - Mercedes SF90 Stradale|Bugatti North America|-170490.51
2025-03-23|02:54:58|Service - detailing & ceramic coat|Returning Service Customer|1409.36
2025-03-24|00:18:01|Inventory purchase - Lamborghini M8 Competition|McLaren Automotive|-458946.85
2025-03-25|22:25:42|Quarterly accounting services|Smith & Associates CPA|-4905.96
2025-03-25|22:30:17|Inventory purchase - Maserati Cayenne Turbo|Lamborghini Americas|-151607.81
2025-03-26|14:37:47|Inventory purchase - BMW 488 GTB|Bugatti North America|-124334.91
2025-03-27|16:18:29|Inventory purchase - Maserati M8 Competition|Koenigsegg Automotive|-141414.91
2025-03-28|17:51:37|Vehicle sale - Bentley 718 Cayman GT4|Returning Client|214629.85
2025-03-28|21:41:42|Vehicle sale - Porsche Sterrato|Online Inquiry - Private Buyer|186606.24
2025-03-29|06:31:19|Inventory purchase - Lamborghini AMG GT Black Series|Koenigsegg Automotive|-446366.08
2025-04-02|18:07:13|Vehicle sale - Ferrari G63 AMG|Returning Client|182844.23
2025-04-03|08:54:56|Sales commission payout|ADP Payroll Services|-11846.11
2025-04-05|11:18:56|GAP insurance commission|Wells Fargo Dealer Services|516.46
2025-04-05|21:08:40|VIP client event expense|DuPont Registry Advertising|-31699.32
2025-04-09|01:07:11|Service - performance upgrade pkg|Walk-in Service Customer|19745.64
2025-04-09|06:52:54|Inventory purchase - BMW Bentayga|Koenigsegg Automotive|-108622.96
2025-04-09|12:51:28|Service - tire package install|Fleet Service Client|1224.75
2025-04-10|10:39:38|Vehicle sale - McLaren M8 Competition|Returning Client|311070.26
2025-04-10|12:47:17|Inventory purchase - Mercedes Grecale Trofeo|Bentley Motors|-160012.75
2025-04-11|09:09:19|Vehicle sale - BMW F8 Tributo|Online Inquiry - Private Buyer|62069.83
2025-04-13|03:26:20|Service - detailing & ceramic coat|Fleet Service Client|1505.52
2025-04-13|07:34:17|Service - scheduled maintenance|Fleet Service Client|3110.36
2025-04-14|08:40:23|Finance reserve income - Levante Trofeo|Ally Financial|11575.69
2025-04-14|11:42:17|Monthly liability insurance|Zurich Insurance Group|-6131.35
2025-04-14|22:26:53|Inventory purchase - BMW Flying Spur|Lamborghini Americas|-68456.36
2025-04-15|09:11:24|Extended warranty commission|Ally Financial|1159.61
2025-04-15|13:14:40|Service - detailing & ceramic coat|Walk-in Service Customer|2529.45
2025-04-16|08:32:24|Payroll - management & executives|ADP Payroll Services|-85034.30
2025-04-18|05:30:27|Inventory purchase - Aston Martin Sterrato|Bentley Motors|-237938.96
2025-04-18|06:34:43|Payroll - admin & finance staff|ADP Payroll Services|-20643.20
2025-04-18|16:37:16|VIP client event expense|Google Ads|-22673.67
2025-04-18|19:42:15|Supercar consignment sale|Returning Client|751170.25
2025-04-19|13:30:24|Print advertising - DuPont Registry|DuPont Registry Advertising|-9709.33
2025-04-20|01:37:41|Vehicle sale - Mercedes 720S|Returning Client|145275.30
2025-04-23|21:39:06|Financing origination fee|Westlake Financial|1097.34
2025-04-24|12:32:28|Inventory purchase - McLaren Flying Spur|Bentley Motors|-293306.79
2025-04-24|20:59:24|Vehicle sale - Maserati Valkyrie|Online Inquiry - Private Buyer|135460.35
2025-04-24|23:45:42|Pre-owned certified sale|Walk-in Customer|93241.00
2025-04-25|12:50:44|Inventory purchase - Porsche Mulliner Bacalar|Lamborghini Americas|-203383.32
2025-04-26|02:23:36|Sales commission payout|ADP Payroll Services|-32919.49
2025-04-26|05:05:42|Monthly electricity - facility|Otis Elevator Co.|-6211.03
2025-04-27|20:36:10|Inventory purchase - Aston Martin F8 Tributo|Mercedes-Benz USA|-255014.58
2025-04-27|22:31:36|Service - body shop repair|Walk-in Service Customer|11557.19
2025-04-28|02:04:58|Vehicle sale - Maserati R8 V10 Plus|Returning Client|148741.63
2025-05-01|22:49:55|Sales commission payout|ADP Payroll Services|-37480.39
2025-05-02|11:15:00|Monthly liability insurance|Markel Specialty|-7219.89
2025-05-04|04:58:55|Monthly electricity - facility|Johnson Controls|-6783.09
2025-05-04|17:22:47|Document storage & shredding|Henderson Law Firm LLP|-725.72
2025-05-05|05:36:53|Finance reserve income - 720S|Ally Financial|9535.59
2025-05-05|19:09:41|Inventory purchase - Aston Martin M5 CS|Aston Martin Americas|-202350.37
2025-05-06|00:46:00|Inventory purchase - Aston Martin 720S|Bugatti North America|-156381.05
2025-05-06|00:51:23|Auto show sponsorship|Google Ads|-24815.10
2025-05-07|06:53:18|Vehicle sale - Lamborghini G63 AMG|Corporate Fleet Client|374243.93
2025-05-07|16:42:25|Quarterly accounting services|QuickBooks Online|-8369.95
2025-05-09|10:44:26|Monthly rent - showroom & lot|Cintas Corporation|-31193.94
2025-05-09|12:44:30|Annual umbrella policy renewal|Chubb Insurance|-32800.93
2025-05-09|17:45:22|Service - performance upgrade pkg|Returning Service Customer|13291.01
2025-05-09|20:57:00|Vehicle sale - Porsche 718 Cayman GT4|Online Inquiry - Private Buyer|74400.55
2025-05-09|22:43:03|Inventory purchase - McLaren Artura|Ferrari of North America|-360887.19
2025-05-11|10:24:43|Inventory purchase - Aston Martin DBX707|Rolls-Royce Motor Cars|-197466.07
2025-05-11|21:04:18|State dealer license renewal|Iron Mountain|-821.12
2025-05-13|00:34:39|Vehicle sale - Audi Urus|Corporate Fleet Client|116286.13
2025-05-13|17:23:29|Service - scheduled maintenance|Returning Service Customer|3792.36
2025-05-14|15:00:16|Vehicle sale - Bentley Urus|Corporate Fleet Client|295530.01
2025-05-15|13:54:25|Vehicle sale - Bentley Huracan|Online Inquiry - Private Buyer|246027.34
2025-05-16|02:07:13|Vehicle sale - Aston Martin 718 Cayman GT4|Returning Client|275417.76
2025-05-16|11:26:35|Service - tire package install|Fleet Service Client|4126.16
2025-05-17|12:59:44|Service - body shop repair|Walk-in Service Customer|15482.09
2025-05-17|16:34:54|Inventory purchase - Maserati Phantom|Porsche Cars North America|-145444.58
2025-05-17|19:32:10|Inventory purchase - BMW SL55 AMG|Maserati North America|-130747.77
2025-05-18|03:15:45|Vehicle sale - Ferrari Cayenne Turbo|Returning Client|301497.14
2025-05-18|17:57:17|Pre-owned certified sale|Returning Client|150394.51
2025-05-18|21:16:32|Photography & video production|Google Ads|-9672.18
2025-05-22|20:40:35|Vehicle sale - Lamborghini Cayenne Turbo|Returning Client|390855.94
2025-05-23|19:19:32|Inventory purchase - Mercedes Levante Trofeo|Lamborghini Americas|-149293.00
2025-05-24|16:10:51|Inventory purchase - Mercedes Roma|Porsche Cars North America|-75903.71
2025-05-24|21:55:27|Software subscriptions - DMS|Shell Fleet Services|-3249.83
2025-05-25|03:33:22|Inventory purchase - Mercedes RS7 Sportback|Bentley Motors|-131009.60
2025-05-25|21:12:12|Vehicle sale - Mercedes XM Label|Corporate Fleet Client|165631.19
2025-05-26|17:44:04|Insurance claim reimbursement|Chubb Insurance|17701.50
2025-05-26|20:38:15|Service - recall work reimbursement|AIG Commercial Insurance|6778.09
2025-05-28|15:33:28|Service - detailing & ceramic coat|Fleet Service Client|1251.58
2025-05-29|00:58:39|Vehicle sale - Audi GT|Online Inquiry - Private Buyer|114651.81
2025-05-29|11:29:41|Extended warranty commission|Westlake Financial|3780.45
2025-05-29|19:18:27|Security system monitoring|Johnson Controls|-1293.52
2025-05-31|10:00:17|Service - tire package install|Walk-in Service Customer|6039.62
2025-06-01|10:24:19|Monthly rent - showroom & lot|AT&T Business|-35869.94
2025-06-02|06:45:24|Employee training program|Grainger Industrial|-4627.61
2025-06-02|17:38:24|Inventory purchase - Lamborghini Revuelto|Pagani Automobili|-482414.51
2025-06-04|07:02:19|Monthly liability insurance|Zurich Insurance Group|-7248.86
2025-06-06|10:01:46|Inventory purchase - Ferrari AMG GT Black Series|Porsche Cars North America|-344987.85
2025-06-06|16:37:21|Extended warranty commission|TD Auto Finance|928.50
2025-06-07|08:54:21|Office supplies & equipment|Office Depot|-1479.36
2025-06-08|18:58:00|Water & utilities bill|Otis Elevator Co.|-1187.51
2025-06-09|04:49:44|Vehicle sale - Rolls-Royce RS7 Sportback|Walk-in Customer|662075.84
2025-06-10|04:45:53|Inventory purchase - Bentley RS7 Sportback|Aston Martin Americas|-218837.04
2025-06-10|19:57:13|Vehicle sale - Rolls-Royce DB11|Walk-in Customer|388796.22
2025-06-11|05:57:59|Vehicle sale - Audi 488 GTB|Walk-in Customer|123481.60
2025-06-12|06:19:21|Vehicle sale - Aston Martin Phantom|Returning Client|223499.61
2025-06-12|09:50:40|Payroll - service technicians|ADP Payroll Services|-41998.28
2025-06-12|10:04:34|Vehicle sale - Audi Panamera|Returning Client|125079.97
2025-06-13|17:51:26|Service - recall work reimbursement|Zurich Insurance Group|6965.83
2025-06-13|19:15:28|Fleet fuel - delivery vehicles|Office Depot|-6165.77
2025-06-13|22:20:08|GAP insurance commission|TD Auto Finance|792.81
2025-06-14|13:24:48|Payroll - sales team|ADP Payroll Services|-29382.75
2025-06-14|23:51:04|Payroll - admin & finance staff|ADP Payroll Services|-33325.67
2025-06-15|16:54:28|Vehicle sale - Rolls-Royce Purosangue|Returning Client|502111.30
2025-06-17|02:21:50|Vehicle sale - Porsche GT|Corporate Fleet Client|124043.64
2025-06-19|12:08:10|Inventory purchase - Mercedes DB11|Pagani Automobili|-125648.26
2025-06-19|16:04:39|Inventory purchase - BMW Senna|Pagani Automobili|-89706.68
2025-06-23|16:20:16|Service - scheduled maintenance|Fleet Service Client|2048.08
2025-06-24|11:46:34|Vehicle sale - Rolls-Royce Sterrato|Online Inquiry - Private Buyer|528307.87
2025-06-25|00:41:56|VIP client event expense|Meta Business|-27891.77
2025-06-25|19:19:28|Document storage & shredding|QuickBooks Online|-732.84
2025-06-27|15:29:44|Vehicle sale - Audi Panamera|Online Inquiry - Private Buyer|114595.59
2025-06-29|20:05:27|Service - body shop repair|Returning Service Customer|3527.82
2025-06-30|07:57:43|Legal consultation|Iron Mountain|-6584.38
2025-07-01|02:37:27|Finance reserve income - 488 GTB|Bank of America Auto|13835.97
2025-07-01|06:17:32|Vehicle sale - BMW Continental GT|Walk-in Customer|136840.47
2025-07-02|15:23:29|Monthly rent - showroom & lot|Reliant Energy Commercial|-39349.84
2025-07-04|05:39:11|Digital advertising campaign|Google Ads|-5397.52
2025-07-05|04:54:31|Vehicle sale - McLaren Urus|Online Inquiry - Private Buyer|339153.53
2025-07-07|00:46:03|Payroll - management & executives|ADP Payroll Services|-72041.80
2025-07-07|02:16:52|Payroll - service technicians|ADP Payroll Services|-34454.55
2025-07-09|17:03:17|Year-end bonus payout|ADP Payroll Services|-103444.79
2025-07-14|08:04:17|Hail damage claim settlement|Markel Specialty|178244.41
2025-07-15|18:16:55|Extended warranty commission|Wells Fargo Dealer Services|3492.98
2025-07-17|08:22:57|Inventory purchase - Rolls-Royce Levante Trofeo|Bentley Motors|-449507.50
2025-07-17|11:23:30|Inventory purchase - Aston Martin Valkyrie|Aston Martin Americas|-231066.79
2025-07-17|15:33:13|Service - recall work reimbursement|Markel Specialty|1827.77
2025-07-19|08:24:21|Inventory purchase - McLaren Continental GT|Bugatti North America|-279943.16
2025-07-20|15:32:09|Monthly inventory insurance|Chubb Insurance|-22673.92
2025-07-22|22:52:08|Supercar consignment sale|Walk-in Customer|598533.62
2025-07-24|23:25:56|Service - detailing & ceramic coat|Walk-in Service Customer|2818.73
2025-07-25|14:18:53|GAP insurance commission|TD Auto Finance|1171.53
2025-07-29|18:23:15|Extended warranty commission|Bank of America Auto|3428.60
2025-07-30|07:35:05|Office supplies & equipment|Grainger Industrial|-1491.95
2025-07-31|15:27:37|Software subscriptions - DMS|Comcast Business|-2941.32
2025-07-31|17:56:02|Service - recall work reimbursement|Travelers Insurance|2030.17
2025-07-31|17:58:57|Extended warranty commission|Wells Fargo Dealer Services|3707.31
2025-08-01|03:52:25|Vehicle sale - Lamborghini GranTurismo Trofeo|Corporate Fleet Client|287797.09
2025-08-05|15:11:36|Supercar consignment sale|Returning Client|819254.84
2025-08-07|23:46:45|Inventory purchase - Ferrari SL55 AMG|Maserati North America|-277968.26
2025-08-08|12:59:59|GAP insurance commission|Westlake Financial|962.83
2025-08-08|20:26:05|Vehicle sale - Rolls-Royce 765LT|Returning Client|405099.65
2025-08-09|12:34:35|Monthly dealer bond premium|Chubb Insurance|-1959.27
2025-08-10|16:50:10|Hail damage claim settlement|Markel Specialty|55268.24
2025-08-10|17:25:47|Vehicle sale - BMW 765LT|Online Inquiry - Private Buyer|80091.47
2025-08-11|14:20:00|Vehicle sale - Mercedes Purosangue|Walk-in Customer|103567.92
2025-08-11|22:33:16|Vehicle sale - Audi Purosangue|Corporate Fleet Client|102361.81
2025-08-12|04:55:13|Vehicle sale - Bentley Mulliner Bacalar|Walk-in Customer|276148.20
2025-08-14|06:56:02|Vehicle sale - Aston Martin Roma|Corporate Fleet Client|272353.88
2025-08-14|17:10:41|Vehicle sale - Mercedes Cullinan|Walk-in Customer|164544.25
2025-08-18|02:34:01|Vehicle sale - Ferrari DBX707|Returning Client|269568.17
2025-08-18|13:22:48|Vehicle sale - Ferrari Continental GT|Online Inquiry - Private Buyer|372317.32
2025-08-18|17:37:16|Monthly dealer bond premium|Markel Specialty|-2438.83
2025-08-20|04:34:29|Finance reserve income - Silver Shadow|Chase Auto Finance|3326.67
2025-08-20|18:22:52|Software subscriptions - DMS|QuickBooks Online|-2755.87
2025-08-26|11:01:03|Inventory purchase - Aston Martin Maybach S680|Koenigsegg Automotive|-238611.17
2025-08-26|12:07:48|Service - performance upgrade pkg|Returning Service Customer|14111.90
2025-08-27|22:39:15|Payroll - management & executives|ADP Payroll Services|-58057.79
2025-08-29|07:51:05|Monthly liability insurance|AIG Commercial Insurance|-7172.82
2025-08-31|01:39:52|Monthly inventory insurance|Zurich Insurance Group|-19102.63
2025-08-31|18:02:43|Digital advertising campaign|Google Ads|-9735.13
2025-08-31|20:34:55|Security system monitoring|Pinnacle Property Group|-1412.10
2025-09-01|16:21:35|Insurance claim reimbursement|Markel Specialty|35594.20
2025-09-01|16:41:17|Employee training program|QuickBooks Online|-7984.98
2025-09-02|01:20:01|Sales commission payout|ADP Payroll Services|-31245.18
2025-09-06|00:55:58|Service - recall work reimbursement|Travelers Insurance|1410.70
2025-09-06|11:42:36|Inventory purchase - Ferrari Sterrato|McLaren Automotive|-338370.13
2025-09-08|03:44:36|Financing origination fee|Ally Financial|1203.38
2025-09-08|12:44:33|Vehicle sale - McLaren Purosangue|Walk-in Customer|355181.90
2025-09-10|18:48:39|Inventory purchase - Aston Martin Purosangue|Porsche Cars North America|-172127.16
2025-09-12|01:32:16|Vehicle sale - McLaren Artura|Online Inquiry - Private Buyer|277700.00
2025-09-12|20:01:29|Theft claim reimbursement|Travelers Insurance|107077.31
2025-09-13|17:42:23|Finance reserve income - MC20|TD Auto Finance|3885.32
2025-09-14|16:19:48|Elevator & lift maintenance|Cintas Corporation|-3698.05
2025-09-14|20:02:01|Monthly liability insurance|Travelers Insurance|-4395.29
2025-09-16|17:04:52|Monthly inventory insurance|AIG Commercial Insurance|-24950.29
2025-09-17|20:17:51|Inventory purchase - Porsche Ghost|Audi of America|-205632.60
2025-09-19|06:50:31|Hail damage claim settlement|Chubb Insurance|119761.21
2025-09-21|04:58:11|Hail damage claim settlement|Markel Specialty|98071.72
2025-09-21|05:14:47|Inventory purchase - Porsche Revuelto|Koenigsegg Automotive|-178797.34
2025-09-22|00:54:01|Vehicle sale - Rolls-Royce Levante Trofeo|Walk-in Customer|461317.35
2025-09-22|11:06:11|Vehicle sale - Bentley Purosangue|Corporate Fleet Client|318486.93
2025-09-23|13:51:34|Quarterly accounting services|Comcast Business|-7907.62
2025-09-23|17:58:23|Vehicle sale - Ferrari MC20|Walk-in Customer|308360.25
2025-09-23|19:07:42|Vehicle sale - Lamborghini F8 Tributo|Walk-in Customer|235002.40
2025-09-24|06:14:10|Vehicle sale - Bentley Panamera|Walk-in Customer|194136.23
2025-09-25|19:05:44|Inventory purchase - Aston Martin Senna|Bugatti North America|-265548.30
2025-09-28|15:29:38|Quarterly accounting services|Office Depot|-4948.31
2025-09-29|03:53:04|Payroll - sales team|ADP Payroll Services|-59277.20
2025-09-29|23:51:29|VIP client event expense|Google Ads|-27639.24
2025-09-30|17:00:19|Inventory purchase - Lamborghini e-tron GT RS|McLaren Automotive|-430994.99
2025-10-01|03:19:38|Inventory purchase - Ferrari RS7 Sportback|Ferrari of North America|-333240.67
2025-10-02|21:17:34|Service - major engine repair|Walk-in Service Customer|18311.47
2025-10-03|00:04:18|Vehicle sale - Porsche SL55 AMG|Online Inquiry - Private Buyer|198852.46
2025-10-06|20:44:28|Vehicle sale - Rolls-Royce MC20|Online Inquiry - Private Buyer|531898.81
2025-10-06|21:12:36|Vehicle sale - Maserati Senna|Returning Client|164611.95
2025-10-08|16:24:47|Monthly internet & phone|Cintas Corporation|-1268.63
2025-10-09|08:25:49|Service - major engine repair|Fleet Service Client|15982.09
2025-10-12|17:17:08|Digital advertising campaign|DuPont Registry Advertising|-7166.25
2025-10-12|18:38:50|Inventory purchase - McLaren Spectre|Lamborghini Americas|-322758.19
2025-10-14|03:14:53|Inventory purchase - Rolls-Royce Aventador|BMW of North America|-322445.98
2025-10-18|02:37:39|Service - body shop repair|Fleet Service Client|6009.79
2025-10-18|04:58:09|Inventory purchase - Bentley XM Label|Audi of America|-242561.11
2025-10-18|10:12:54|Monthly electricity - facility|Reliant Energy Commercial|-5243.77
2025-10-18|18:33:55|Vehicle sale - Mercedes Cayenne Turbo|Returning Client|124077.21
2025-10-19|20:35:10|Inventory purchase - Bentley Grecale Trofeo|Aston Martin Americas|-184808.27
2025-10-20|21:14:17|Service - detailing & ceramic coat|Walk-in Service Customer|1059.89
2025-10-20|21:41:13|Inventory purchase - Lamborghini XM Label|Ferrari of North America|-442717.76
2025-10-20|21:57:17|Service - body shop repair|Walk-in Service Customer|3739.50
2025-10-22|21:57:13|Vehicle sale - Mercedes Panamera|Walk-in Customer|65962.73
2025-10-23|15:38:02|Software subscriptions - DMS|Grainger Industrial|-3442.99
2025-10-24|00:51:16|Inventory purchase - McLaren Continental GT|Lamborghini Americas|-217811.03
2025-10-24|05:21:34|Monthly inventory insurance|Travelers Insurance|-29302.67
2025-10-25|22:21:06|Monthly liability insurance|Chubb Insurance|-6229.51
2025-10-28|08:55:34|Vehicle sale - Bentley GranTurismo Trofeo|Online Inquiry - Private Buyer|252650.86
2025-10-29|04:34:32|Payroll - management & executives|ADP Payroll Services|-73034.33
2025-10-29|14:41:02|Vehicle sale - Bentley Mulliner Bacalar|Corporate Fleet Client|200714.67
2025-11-04|02:38:27|Inventory purchase - McLaren 718 Cayman GT4|BMW of North America|-294395.77
2025-11-05|13:17:57|Monthly liability insurance|Markel Specialty|-4223.42
2025-11-06|21:36:27|Sales commission payout|ADP Payroll Services|-44182.14
2025-11-07|09:56:29|Security system monitoring|AT&T Business|-1026.32
2025-11-07|15:54:17|Inventory purchase - McLaren 488 GTB|Maserati North America|-215475.49
2025-11-08|15:52:10|Inventory purchase - Aston Martin 765LT|McLaren Automotive|-150474.04
2025-11-09|03:42:45|Payroll - management & executives|ADP Payroll Services|-68213.99
2025-11-09|05:27:48|Inventory purchase - Bentley Roma|Bentley Motors|-302523.06
2025-11-10|01:04:20|Vehicle sale - Audi AMG GT Black Series|Returning Client|123456.86
2025-11-10|16:28:26|Fleet fuel - delivery vehicles|Office Depot|-6497.99
2025-11-12|17:12:46|Service - scheduled maintenance|Returning Service Customer|1386.59
2025-11-12|20:18:34|Inventory purchase - McLaren Panamera|Ferrari of North America|-247953.85
2025-11-13|09:27:01|Inventory purchase - Porsche Grecale Trofeo|McLaren Automotive|-155356.98
2025-11-13|17:37:08|Inventory purchase - Ferrari SL55 AMG|Maserati North America|-341879.05
2025-11-15|05:44:54|Vehicle sale - McLaren Cayenne Turbo|Walk-in Customer|313180.79
2025-11-15|17:26:06|Service - body shop repair|Walk-in Service Customer|11934.52
2025-11-17|15:41:06|Facility cleaning service|AT&T Business|-2772.58
2025-11-19|16:59:07|Inventory purchase - Maserati F8 Tributo|Porsche Cars North America|-146196.21
2025-11-22|20:18:03|Vehicle sale - McLaren Continental GT|Walk-in Customer|289245.79
2025-11-23|14:49:11|Service - detailing & ceramic coat|Returning Service Customer|1544.01
2025-11-23|20:24:50|Monthly internet & phone|Cintas Corporation|-1724.74
2025-11-23|22:32:35|Vehicle sale - Mercedes Ghost|Online Inquiry - Private Buyer|138044.07
2025-11-25|16:09:55|Hail damage claim settlement|Travelers Insurance|179603.05
2025-11-26|15:21:32|Vehicle sale - Audi M5 CS|Online Inquiry - Private Buyer|127122.78
2025-11-27|12:05:10|Auto show sponsorship|Robb Report Media|-62355.91
2025-11-27|16:26:37|Payroll - service technicians|ADP Payroll Services|-26936.61
2025-11-29|12:46:16|Inventory purchase - Bentley M8 Competition|Audi of America|-218182.64
2025-11-29|14:40:20|Service - performance upgrade pkg|Returning Service Customer|6835.67
2025-11-29|20:16:09|Finance reserve income - Alpina B7|TD Auto Finance|11265.64
2025-11-30|10:18:34|GAP insurance commission|Wells Fargo Dealer Services|595.90
2025-11-30|22:25:55|VIP client event expense|Forza Marketing Agency|-22069.82
2025-12-01|12:00:47|Service - recall work reimbursement|Chubb Insurance|1245.16
2025-12-01|19:24:35|Service - body shop repair|Walk-in Service Customer|6779.42
2025-12-02|00:22:40|Insurance claim reimbursement|AIG Commercial Insurance|83486.89
2025-12-02|12:33:33|Software subscriptions - DMS|Iron Mountain|-2346.05
2025-12-03|15:44:56|Water & utilities bill|Cintas Corporation|-2345.00
2025-12-04|07:45:02|GAP insurance commission|TD Auto Finance|674.30
2025-12-06|00:33:57|Service - recall work reimbursement|Travelers Insurance|2017.39
2025-12-07|03:21:34|Service - major engine repair|Returning Service Customer|6949.14
2025-12-07|13:58:07|Monthly electricity - facility|Cintas Corporation|-8823.95
2025-12-07|19:44:04|Inventory purchase - BMW M5 CS|Koenigsegg Automotive|-55599.08
2025-12-08|00:07:46|Service - detailing & ceramic coat|Returning Service Customer|2839.22
2025-12-08|22:48:50|Inventory purchase - Aston Martin M8 Competition|Aston Martin Americas|-240160.90
2025-12-09|09:04:45|Monthly electricity - facility|Pinnacle Property Group|-7454.03
2025-12-12|14:46:17|Software subscriptions - DMS|Shell Fleet Services|-3832.36
2025-12-13|08:35:37|Inventory purchase - Maserati RS7 Sportback|Maserati North America|-130178.11
2025-12-13|13:03:11|Service - performance upgrade pkg|Fleet Service Client|24429.55
2025-12-13|13:11:17|Vehicle sale - Rolls-Royce Senna|Walk-in Customer|394065.58
2025-12-13|17:48:20|Inventory purchase - BMW Cayenne Turbo|Bugatti North America|-132468.17
2025-12-14|10:14:19|Property tax payment|FedEx Business|-78275.89
2025-12-14|21:49:35|State dealer license renewal|Grainger Industrial|-2160.51
2025-12-16|10:22:32|Property tax payment|Comcast Business|-69049.89
2025-12-17|09:28:17|Digital advertising campaign|Meta Business|-5360.15
2025-12-17|17:33:05|Payroll - admin & finance staff|ADP Payroll Services|-22751.91
2025-12-17|19:05:38|Monthly electricity - facility|Reliant Energy Commercial|-4833.12
2025-12-17|19:08:50|Vehicle sale - Maserati AMG GT Black Series|Corporate Fleet Client|159641.91
2025-12-18|21:29:39|Vehicle sale - Mercedes MC20|Corporate Fleet Client|163645.56
2025-12-20|01:24:12|Vehicle sale - Mercedes Maybach S680|Corporate Fleet Client|161163.86
2025-12-20|06:42:03|Vehicle sale - Lamborghini AMG GT Black Series|Online Inquiry - Private Buyer|327854.44
2025-12-20|10:04:19|Payroll - service technicians|ADP Payroll Services|-22445.71
2025-12-24|08:14:27|Vehicle sale - Maserati Purosangue|Walk-in Customer|118895.79
2025-12-25|10:03:04|Inventory purchase - BMW Alpina B7|Koenigsegg Automotive|-91605.67
2025-12-25|17:32:45|Legal consultation|QuickBooks Online|-5835.07
2025-12-25|18:52:54|Water & utilities bill|Cintas Corporation|-1641.31
2025-12-28|03:26:02|Inventory purchase - BMW Bentayga|Koenigsegg Automotive|-64351.29
2025-12-28|09:16:32|GAP insurance commission|Bank of America Auto|965.56
2025-12-29|13:11:20|Print advertising - DuPont Registry|Motortrend Media Group|-8874.96
2025-12-30|20:20:31|Security system monitoring|AT&T Business|-1292.82
2025-12-30|22:28:32|Monthly liability insurance|AIG Commercial Insurance|-7119.39
2025-12-31|08:36:42|Inventory purchase - Bentley 718 Cayman GT4|Aston Martin Americas|-280710.31
2026-01-03|07:02:19|Monthly rent - showroom & lot|Johnson Controls|-37758.80
2026-01-04|16:16:51|Inventory purchase - Lamborghini SL55 AMG|BMW of North America|-324587.39
2026-01-05|04:50:32|GAP insurance commission|Chase Auto Finance|641.81
2026-01-06|09:25:50|Vehicle sale - Rolls-Royce SL55 AMG|Online Inquiry - Private Buyer|419152.88
2026-01-07|14:27:19|Inventory purchase - McLaren Senna|Koenigsegg Automotive|-230200.84
2026-01-07|14:39:52|HVAC maintenance contract|Reliant Energy Commercial|-2482.15
2026-01-09|11:45:41|Supercar special order deposit|Lamborghini Americas|-131044.89
2026-01-10|10:57:02|Inventory purchase - BMW Mulliner Bacalar|BMW of North America|-129677.78
2026-01-11|04:35:58|Inventory purchase - Porsche Grecale Trofeo|BMW of North America|-190220.47
2026-01-13|02:36:47|Service - performance upgrade pkg|Fleet Service Client|29143.60
2026-01-13|12:20:05|Payroll - sales team|ADP Payroll Services|-40697.18
2026-01-14|17:07:01|Monthly internet & phone|Pinnacle Property Group|-1202.68
2026-01-15|13:17:44|HVAC maintenance contract|Pinnacle Property Group|-6390.77
2026-01-16|08:26:14|Vehicle sale - Lamborghini Urus|Corporate Fleet Client|308834.39
2026-01-17|02:03:14|Service - tire package install|Fleet Service Client|1959.09
2026-01-18|12:54:30|Theft claim reimbursement|AIG Commercial Insurance|207134.49
2026-01-19|01:13:18|Vehicle sale - Rolls-Royce Huracan|Walk-in Customer|438251.75
2026-01-19|14:58:59|Vehicle sale - Maserati Cayenne Turbo|Online Inquiry - Private Buyer|113977.84
2026-01-20|11:12:31|Inventory purchase - Rolls-Royce Roma|Bentley Motors|-395045.75
2026-01-22|16:28:36|Financing origination fee|Wells Fargo Dealer Services|1418.98
2026-01-25|06:09:28|Inventory purchase - Mercedes XM Label|Aston Martin Americas|-139331.74
2026-01-25|11:05:26|Service - scheduled maintenance|Fleet Service Client|3751.51
2026-01-25|13:36:59|Service - detailing & ceramic coat|Fleet Service Client|3321.13
2026-01-26|21:53:06|Inventory purchase - Porsche Flying Spur|Mercedes-Benz USA|-81862.47
2026-01-26|23:31:53|Vehicle sale - Maserati Panamera|Returning Client|140775.74
2026-01-27|13:31:48|Service - body shop repair|Fleet Service Client|3758.01
2026-01-28|07:00:50|Insurance claim reimbursement|Chubb Insurance|34042.05
2026-01-31|08:08:13|Vehicle sale - Ferrari Cullinan|Returning Client|367000.59
2026-02-01|02:02:47|Service - major engine repair|Fleet Service Client|14714.79
2026-02-03|01:34:47|Supercar special order deposit|Rolls-Royce Motor Cars|-179847.86
2026-02-03|19:33:23|Legal consultation|Comcast Business|-12514.35
2026-02-03|20:21:53|Vehicle sale - Aston Martin M8 Competition|Corporate Fleet Client|184764.93
2026-02-03|22:49:07|Office supplies & equipment|Office Depot|-948.20
2026-02-04|11:27:59|Monthly inventory insurance|AIG Commercial Insurance|-39178.94
2026-02-07|07:11:27|GAP insurance commission|Chase Auto Finance|638.45
2026-02-07|22:22:22|Vehicle sale - Bentley Flying Spur|Corporate Fleet Client|294926.68
2026-02-08|13:59:31|Photography & video production|DuPont Registry Advertising|-10566.20
2026-02-09|03:12:43|Finance reserve income - DB11|Bank of America Auto|9229.71
2026-02-12|15:43:44|Fleet fuel - delivery vehicles|Shell Fleet Services|-3965.90
2026-02-13|02:45:14|Service - major engine repair|Returning Service Customer|9195.41
2026-02-18|13:06:49|Monthly liability insurance|Travelers Insurance|-3306.58
2026-02-19|07:35:37|Supercar consignment sale|Corporate Fleet Client|826951.65
2026-02-20|03:28:07|Vehicle sale - McLaren Phantom|Corporate Fleet Client|252843.73
2026-02-21|14:50:31|Service - recall work reimbursement|AIG Commercial Insurance|1593.83
2026-02-24|00:31:45|Extended warranty commission|Ally Financial|3055.63
2026-02-25|09:19:43|Vehicle sale - Ferrari Sterrato|Returning Client|196700.50
2026-02-26|01:10:23|Monthly electricity - facility|AT&T Business|-7498.67
2026-02-26|21:54:13|Service - recall work reimbursement|Markel Specialty|5651.43
2026-02-28|08:36:48|Pre-owned certified sale|Online Inquiry - Private Buyer|97598.97
2026-02-28|18:16:18|Vehicle sale - Aston Martin DB11|Corporate Fleet Client|233868.07
2026-03-01|06:50:52|Inventory purchase - Ferrari Alpina B7|Ferrari of North America|-259817.62
2026-03-01|21:40:58|Monthly inventory insurance|AIG Commercial Insurance|-33888.54
2026-03-02|23:53:34|Inventory purchase - McLaren Phantom|Pagani Automobili|-293038.19
2026-03-04|21:36:23|Payroll - service technicians|ADP Payroll Services|-43227.78
2026-03-05|02:29:19|Inventory purchase - Ferrari Valkyrie|Bentley Motors|-274993.40
2026-03-08|23:22:33|Monthly internet & phone|Cintas Corporation|-1643.53
2026-03-11|06:13:23|Vehicle sale - McLaren Alpina B7|Returning Client|274946.34
2026-03-11|13:32:10|Office supplies & equipment|FedEx Business|-725.41
2026-03-11|16:20:30|Vehicle sale - BMW e-tron GT RS|Corporate Fleet Client|90626.12
2026-03-12|07:15:43|IT infrastructure upgrade|Office Depot|-20219.20
2026-03-13|04:27:34|Inventory purchase - Porsche Alpina B7|Audi of America|-115596.73
2026-03-14|07:32:23|Vehicle sale - Rolls-Royce M5 CS|Corporate Fleet Client|490028.60
2026-03-14|17:34:43|Vehicle sale - Maserati e-tron GT RS|Returning Client|164730.49
2026-03-15|14:02:52|Inventory purchase - Bentley M5 CS|Maserati North America|-264783.18
2026-03-15|19:55:01|Vehicle sale - Audi Roma|Returning Client|127972.82
2026-03-16|22:57:29|Vehicle sale - Bentley M5 CS|Walk-in Customer|315969.51
2026-03-18|03:29:18|Vehicle sale - Maserati Panamera|Walk-in Customer|144750.34
2026-03-19|03:08:30|Service - body shop repair|Returning Service Customer|17035.39
2026-03-22|01:19:43|Vehicle sale - Maserati Mulliner Bacalar|Walk-in Customer|156360.51
2026-03-22|20:04:26|Service - body shop repair|Returning Service Customer|16622.19
2026-03-24|03:53:38|Extended warranty commission|Ally Financial|1151.49
2026-03-24|07:13:43|Vehicle sale - Mercedes 488 GTB|Walk-in Customer|126367.90
2026-03-26|00:33:05|Service - performance upgrade pkg|Returning Service Customer|26842.81
2026-03-29|14:06:02|Inventory purchase - Aston Martin SF90 Stradale|Koenigsegg Automotive|-144825.88
2026-03-30|00:00:35|Vehicle sale - Mercedes 488 GTB|Corporate Fleet Client|181542.24
2026-03-30|15:23:14|Print advertising - DuPont Registry|Forza Marketing Agency|-16864.79
2026-04-01|11:55:18|Sales commission payout|ADP Payroll Services|-26114.35
2026-04-02|10:51:29|Inventory purchase - McLaren Continental GT|Koenigsegg Automotive|-264475.12
2026-04-02|20:31:02|Office supplies & equipment|QuickBooks Online|-684.28
2026-04-03|00:03:12|Finance reserve income - Spectre|TD Auto Finance|6441.34
2026-04-03|23:08:04|Supercar consignment sale|Online Inquiry - Private Buyer|454888.12
2026-04-05|00:07:31|Vehicle sale - Lamborghini Cullinan|Online Inquiry - Private Buyer|473760.78
2026-04-07|11:57:30|Inventory purchase - Bentley Spectre|Koenigsegg Automotive|-253803.61
2026-04-09|03:21:33|Vehicle sale - Lamborghini 720S|Returning Client|421720.41
2026-04-09|21:00:30|Monthly electricity - facility|Otis Elevator Co.|-7845.13
2026-04-12|16:14:29|Vehicle sale - Bentley Bentayga|Returning Client|203070.84
2026-04-14|19:38:46|Inventory purchase - Ferrari Sterrato|Bentley Motors|-267237.11
2026-04-15|08:10:29|Vehicle sale - McLaren Grecale Trofeo|Online Inquiry - Private Buyer|231813.72
2026-04-15|10:18:43|Vehicle sale - Audi RS7 Sportback|Corporate Fleet Client|100423.24
2026-04-15|21:51:54|Vehicle sale - Mercedes Sterrato|Walk-in Customer|83788.97
2026-04-16|05:55:37|Inventory purchase - Maserati Phantom|Rolls-Royce Motor Cars|-143833.44
2026-04-16|15:24:14|Financing origination fee|Ally Financial|751.09
2026-04-16|20:41:48|Vehicle sale - Bentley Mulliner Bacalar|Corporate Fleet Client|207826.81
2026-04-18|10:08:24|Vehicle sale - Mercedes Mulliner Bacalar|Corporate Fleet Client|109652.24
2026-04-18|15:24:34|Inventory purchase - Ferrari Valkyrie|Maserati North America|-344477.97
2026-04-19|01:15:47|VIP client event expense|DuPont Registry Advertising|-32218.16
2026-04-20|04:25:09|Inventory purchase - Bentley 720S|Pagani Automobili|-225476.58
2026-04-24|09:33:36|Service - tire package install|Returning Service Customer|5784.86
2026-04-24|17:09:24|Monthly rent - showroom & lot|Reliant Energy Commercial|-28941.27
2026-04-25|15:37:10|Monthly dealer bond premium|Chubb Insurance|-1598.83
2026-04-28|10:59:24|Vehicle sale - Ferrari 765LT|Online Inquiry - Private Buyer|328934.81